"file"	"ctime"	"sim:O->X"	"sim:X->O"	"sim:OX|XO"	"sim:X"	"fit:O->X"	"fit:X->O"	"fit:OX|XO"	"fit:X"	"leftwin"	"longwin"	"shortwin"	"rowtaxon"	"loglik"	"convergence"	"q2.5%.O->X"	"q2.5%.X->O"	"q2.5%.OX|XO"	"q2.5%.X"	"q25%.O->X"	"q25%.X->O"	"q25%.OX|XO"	"q25%.X"	"q50%.O->X"	"q50%.X->O"	"q50%.OX|XO"	"q50%.X"	"q75%.O->X"	"q75%.X->O"	"q75%.OX|XO"	"q75%.X"	"q97.5%.O->X"	"q97.5%.X->O"	"q97.5%.OX|XO"	"q97.5%.X"
"coverage-runs/22597/ising-fit-6-2-2.json"	"2017-05-08_15-38-30"	0.5	0.5	1	0.5	0.50308262	0.49833326	0.99878056	0.49456023	2	6	2	"root"	-441011.83981404	0	NA	NA	NA	NA	NA	NA	NA	NA	NA	NA	NA	NA	NA	NA	NA	NA	NA	NA	NA	NA
"coverage-runs/22597/ising-fit-6-2-2-mcmc-11441.json"	"2017-05-08_15-38-28"	0.5	0.5	1	0.5	0.50009821	0.50077224	0.99752186	0.50011984	2	6	2	"root"	NA	NA	0.49760017	0.49311521	0.98970593	0.47538586	0.50049213	0.49704763	0.99580039	0.4898261	0.50240575	0.49948551	0.99908792	0.49998147	0.50426012	0.501815	1.00221898	0.50839824	0.50726646	0.50534664	1.00831689	0.51835184
"coverage-runs/22597/ising-fit-5-3-1.json"	"2017-05-08_15-38-26"	0.5	0.5	1	0.5	0.50522623	0.5023243	0.99356504	0.50370246	1	5	3	"root"	-441045.23504802	0	NA	NA	NA	NA	NA	NA	NA	NA	NA	NA	NA	NA	NA	NA	NA	NA	NA	NA	NA	NA
"coverage-runs/22597/ising-fit-5-3-1-mcmc-11441.json"	"2017-05-08_15-38-24"	0.5	0.5	1	0.5	0.50122531	0.50554861	0.99812859	0.52407338	1	5	3	"root"	NA	NA	0.49857996	0.4969572	0.98491538	0.48626965	0.50161897	0.50143446	0.99083387	0.50038009	0.50355533	0.50409038	0.99404196	0.51228137	0.50573593	0.5067562	0.99721197	0.52377215	0.50960637	0.51101665	1.00292672	0.53546514
"coverage-runs/22597/ising-fit-4-2-1.json"	"2017-05-08_15-38-23"	0.5	0.5	1	0.5	0.50494816	0.50252657	0.99285574	0.50536997	1	4	2	"root"	-441163.25361463	0	NA	NA	NA	NA	NA	NA	NA	NA	NA	NA	NA	NA	NA	NA	NA	NA	NA	NA	NA	NA
"coverage-runs/22597/ising-fit-4-2-1-mcmc-11441.json"	"2017-05-08_15-38-21"	0.5	0.5	1	0.5	0.50818901	0.49588806	0.99381154	0.49004847	1	4	2	"root"	NA	NA	0.5000038	0.49697497	0.98417347	0.48856522	0.50272738	0.50105413	0.98999155	0.50174567	0.50430339	0.50334157	0.99312159	0.50938239	0.50605884	0.50531242	0.99620846	0.51521328	0.50925182	0.50915287	1.00214341	0.53103144
"coverage-runs/24020/ising-fit-5-3-1.json"	"2017-05-08_11-13-00"	0.5	0.5	1	0.5	0.4957	0.5114	0.9942	0.534	1	5	3	"root"	-440778.5699	0	NA	NA	NA	NA	NA	NA	NA	NA	NA	NA	NA	NA	NA	NA	NA	NA	NA	NA	NA	NA
"coverage-runs/24020/ising-fit-5-3-1-mcmc-29058.json"	"2017-05-08_11-12-59"	0.5	0.5	1	0.5	0.497	0.5104	0.9945	0.531	1	5	3	"root"	NA	NA	0.4918	0.5064	0.9847	0.5163	0.4945	0.5095	0.9909	0.5269	0.4959	0.5113	0.994	0.5348	0.4972	0.5133	0.9972	0.5397	0.5001	0.5162	1.0033	0.547
"coverage-runs/24020/ising-fit-4-2-1.json"	"2017-05-08_11-12-58"	0.5	0.5	1	0.5	0.4953	0.5119	0.9923	0.5362	1	4	2	"root"	-440923.5428	0	NA	NA	NA	NA	NA	NA	NA	NA	NA	NA	NA	NA	NA	NA	NA	NA	NA	NA	NA	NA
"coverage-runs/24020/ising-fit-4-2-1-mcmc-29058.json"	"2017-05-08_11-12-57"	0.5	0.5	1	0.5	0.4913	0.5147	0.9973	0.5427	1	4	2	"root"	NA	NA	0.4905	0.5044	0.9828	0.5055	0.4934	0.5101	0.9888	0.5305	0.495	0.5126	0.9921	0.538	0.4966	0.5147	0.9952	0.5451	0.5008	0.5182	1.0012	0.559
"coverage-runs/01802/ising-fit-5-3-1.json"	"2017-05-08_10-12-44"	0.5	0.5	1	0.5	0.4971	0.512	0.9949	0.5393	1	5	3	"root"	-440780.7851	0	NA	NA	NA	NA	NA	NA	NA	NA	NA	NA	NA	NA	NA	NA	NA	NA	NA	NA	NA	NA
"coverage-runs/01802/ising-fit-5-3-1-mcmc-32689.json"	"2017-05-08_10-12-43"	0.5	0.5	1	0.5	0.4982	0.5116	1.0007	0.5522	1	5	3	"root"	NA	NA	0.4919	0.5074	0.9861	0.5299	0.4949	0.511	0.9919	0.5374	0.4964	0.5129	0.9949	0.5418	0.4978	0.515	0.998	0.5492	0.5002	0.5196	1.0038	0.5669
"coverage-runs/01802/ising-fit-4-2-1.json"	"2017-05-08_10-12-42"	0.5	0.5	1	0.5	0.4967	0.5122	0.9932	0.5407	1	4	2	"root"	-440920.6967	0	NA	NA	NA	NA	NA	NA	NA	NA	NA	NA	NA	NA	NA	NA	NA	NA	NA	NA	NA	NA
"coverage-runs/01802/ising-fit-4-2-1-mcmc-32689.json"	"2017-05-08_10-12-41"	0.5	0.5	1	0.5	0.4979	0.5118	0.9955	0.5345	1	4	2	"root"	NA	NA	0.4916	0.5041	0.9841	0.5085	0.4953	0.5093	0.9899	0.5308	0.4972	0.5118	0.993	0.5379	0.4991	0.5143	0.9962	0.5481	0.5026	0.5183	1.0024	0.5684
"coverage-runs/03270/ising-fit-5-3-1.json"	"2017-05-08_09-19-41"	0.5	0.5	1	0.5	0.5029	0.5024	0.9932	0.5087	1	5	3	"root"	-440800.7619	0	NA	NA	NA	NA	NA	NA	NA	NA	NA	NA	NA	NA	NA	NA	NA	NA	NA	NA	NA	NA
"coverage-runs/03270/ising-fit-5-3-1-mcmc-28994.json"	"2017-05-08_09-19-40"	0.5	0.5	1	0.5	0.502	0.5046	0.995	0.5142	1	5	3	"root"	NA	NA	0.4978	0.4962	0.9838	0.4879	0.5016	0.4998	0.9901	0.499	0.5034	0.5019	0.9933	0.5055	0.505	0.5044	0.9964	0.5143	0.5077	0.509	1.0022	0.5341
"coverage-runs/03270/ising-fit-4-2-1.json"	"2017-05-08_09-19-39"	0.5	0.5	1	0.5	0.5022	0.5031	0.993	0.5127	1	4	2	"root"	-440911.2964	0	NA	NA	NA	NA	NA	NA	NA	NA	NA	NA	NA	NA	NA	NA	NA	NA	NA	NA	NA	NA
"coverage-runs/03270/ising-fit-4-2-1-mcmc-28994.json"	"2017-05-08_09-19-38"	0.5	0.5	1	0.5	0.5053	0.5019	0.9963	0.5032	1	4	2	"root"	NA	NA	0.4965	0.4986	0.9842	0.4996	0.5	0.5022	0.9903	0.5099	0.5016	0.5043	0.9934	0.5166	0.5032	0.5064	0.9964	0.5243	0.5059	0.5107	1.0026	0.539
"coverage-runs/11007/ising-fit-5-3-1.json"	"2017-05-08_08-26-49"	0.5	0.5	1	0.5	0.5028	0.5045	0.9972	0.5119	1	5	3	"root"	-440437.0025	0	NA	NA	NA	NA	NA	NA	NA	NA	NA	NA	NA	NA	NA	NA	NA	NA	NA	NA	NA	NA
"coverage-runs/11007/ising-fit-5-3-1-mcmc-6804.json"	"2017-05-08_08-26-48"	0.5	0.5	1	0.5	0.5001	0.5054	0.9982	0.5244	1	5	3	"root"	NA	NA	0.4977	0.5004	0.9886	0.5004	0.5005	0.5038	0.9943	0.5104	0.502	0.5058	0.9974	0.5171	0.5035	0.5077	1.0005	0.5242	0.506	0.5109	1.0067	0.5328
"coverage-runs/11007/ising-fit-4-2-1.json"	"2017-05-08_08-26-47"	0.5	0.5	1	0.5	0.5024	0.5052	0.9967	0.5151	1	4	2	"root"	-440554.7799	0	NA	NA	NA	NA	NA	NA	NA	NA	NA	NA	NA	NA	NA	NA	NA	NA	NA	NA	NA	NA
"coverage-runs/11007/ising-fit-4-2-1-mcmc-6804.json"	"2017-05-08_08-26-46"	0.5	0.5	1	0.5	0.5032	0.5114	0.9928	0.5219	1	4	2	"root"	NA	NA	0.4982	0.4989	0.9873	0.4916	0.501	0.5033	0.9931	0.5088	0.5025	0.5053	0.9963	0.5141	0.504	0.5071	0.9994	0.52	0.5071	0.5107	1.0052	0.5337
"coverage-runs/26295/ising-fit-5-3-1.json"	"2017-05-08_07-33-45"	0.5	0.5	1	0.5	0.5037	0.5079	0.997	0.5134	1	5	3	"root"	-441019.7148	0	NA	NA	NA	NA	NA	NA	NA	NA	NA	NA	NA	NA	NA	NA	NA	NA	NA	NA	NA	NA
"coverage-runs/26295/ising-fit-5-3-1-mcmc-30139.json"	"2017-05-08_07-33-44"	0.5	0.5	1	0.5	0.5036	0.5073	0.9902	0.5095	1	5	3	"root"	NA	NA	0.4998	0.5005	0.9877	0.484	0.5027	0.5051	0.9935	0.5026	0.5044	0.5071	0.9967	0.5102	0.5062	0.509	0.9997	0.5158	0.5094	0.5125	1.0056	0.5287
"coverage-runs/26295/ising-fit-4-2-1.json"	"2017-05-08_07-33-43"	0.5	0.5	1	0.5	0.5033	0.5082	0.9958	0.5155	1	4	2	"root"	-441149.0893	0	NA	NA	NA	NA	NA	NA	NA	NA	NA	NA	NA	NA	NA	NA	NA	NA	NA	NA	NA	NA
"coverage-runs/26295/ising-fit-4-2-1-mcmc-30139.json"	"2017-05-08_07-33-42"	0.5	0.5	1	0.5	0.5028	0.5128	0.9862	0.5172	1	4	2	"root"	NA	NA	0.4977	0.5006	0.9862	0.487	0.5012	0.5057	0.9925	0.5036	0.5033	0.5083	0.9958	0.5172	0.5055	0.511	0.9989	0.5256	0.5092	0.5153	1.0048	0.5398
"coverage-runs/27189/ising-fit-5-3-1.json"	"2017-05-08_06-40-34"	0.5	0.5	1	0.5	0.5035	0.4995	1.0057	0.4959	1	5	3	"root"	-439639.6139	0	NA	NA	NA	NA	NA	NA	NA	NA	NA	NA	NA	NA	NA	NA	NA	NA	NA	NA	NA	NA
"coverage-runs/27189/ising-fit-5-3-1-mcmc-24520.json"	"2017-05-08_06-40-33"	0.5	0.5	1	0.5	0.5025	0.4976	1.0042	0.4941	1	5	3	"root"	NA	NA	0.4995	0.4931	0.9969	0.4724	0.5022	0.4977	1.0029	0.4905	0.5037	0.4997	1.0059	0.4965	0.5052	0.5014	1.0092	0.5018	0.5083	0.5045	1.0152	0.5109
"coverage-runs/27189/ising-fit-4-2-1.json"	"2017-05-08_06-40-32"	0.5	0.5	1	0.5	0.5027	0.5003	1.0046	0.5001	1	4	2	"root"	-439770.1384	0	NA	NA	NA	NA	NA	NA	NA	NA	NA	NA	NA	NA	NA	NA	NA	NA	NA	NA	NA	NA
"coverage-runs/27189/ising-fit-4-2-1-mcmc-24520.json"	"2017-05-08_06-40-31"	0.5	0.5	1	0.5	0.505	0.4969	0.9944	0.4851	1	4	2	"root"	NA	NA	0.499	0.4919	0.995	0.4692	0.5022	0.4961	1.001	0.4826	0.504	0.4984	1.0042	0.4914	0.5059	0.501	1.0075	0.503	0.509	0.5052	1.0135	0.5167
"coverage-runs/29924/ising-fit-5-3-1.json"	"2017-05-08_05-47-36"	0.5	0.5	1	0.5	0.5	0.5	1	0.5	1	5	3	"root"	-439892.2002	0	NA	NA	NA	NA	NA	NA	NA	NA	NA	NA	NA	NA	NA	NA	NA	NA	NA	NA	NA	NA
"coverage-runs/29924/ising-fit-5-3-1-mcmc-15486.json"	"2017-05-08_05-47-35"	0.5	0.5	1	0.5	0.4973	0.5049	1.0034	0.5148	1	5	3	"root"	NA	NA	0.495	0.4977	0.9906	0.4927	0.4979	0.502	0.9966	0.5056	0.4995	0.504	0.9999	0.5154	0.5013	0.5061	1.0029	0.5214	0.5045	0.5098	1.0089	0.5333
"coverage-runs/29924/ising-fit-4-2-1.json"	"2017-05-08_05-47-34"	0.5	0.5	1	0.5	0.4989	0.5049	0.9976	0.5177	1	4	2	"root"	-440045.345	0	NA	NA	NA	NA	NA	NA	NA	NA	NA	NA	NA	NA	NA	NA	NA	NA	NA	NA	NA	NA
"coverage-runs/29924/ising-fit-4-2-1-mcmc-15486.json"	"2017-05-08_05-47-33"	0.5	0.5	1	0.5	0.5043	0.5005	1.0011	0.4994	1	4	2	"root"	NA	NA	0.493	0.4996	0.9887	0.4976	0.4962	0.5038	0.9948	0.5154	0.498	0.5064	0.998	0.5235	0.4997	0.5086	1.001	0.5322	0.5029	0.5125	1.0074	0.5471
"coverage-runs/04544/ising-fit-5-3-1.json"	"2017-05-08_04-54-48"	0.5	0.5	1	0.5	0.5048	0.5034	0.9935	0.4999	1	5	3	"root"	-440978.7149	0	NA	NA	NA	NA	NA	NA	NA	NA	NA	NA	NA	NA	NA	NA	NA	NA	NA	NA	NA	NA
"coverage-runs/04544/ising-fit-5-3-1-mcmc-26160.json"	"2017-05-08_04-54-47"	0.5	0.5	1	0.5	0.506	0.5018	0.9933	0.5011	1	5	3	"root"	NA	NA	0.4998	0.4955	0.9843	0.4702	0.5032	0.5013	0.99	0.4914	0.505	0.5036	0.9932	0.5003	0.507	0.5057	0.9963	0.5071	0.5107	0.5096	1.0021	0.5207
"coverage-runs/04544/ising-fit-4-2-1.json"	"2017-05-08_04-54-46"	0.5	0.5	1	0.5	0.5048	0.5033	0.9927	0.5002	1	4	2	"root"	-441096.4451	0	NA	NA	NA	NA	NA	NA	NA	NA	NA	NA	NA	NA	NA	NA	NA	NA	NA	NA	NA	NA
"coverage-runs/04544/ising-fit-4-2-1-mcmc-26160.json"	"2017-05-08_04-54-45"	0.5	0.5	1	0.5	0.5081	0.4937	0.9878	0.4785	1	4	2	"root"	NA	NA	0.5003	0.4963	0.9835	0.4765	0.5046	0.4995	0.9893	0.4849	0.5064	0.5013	0.9922	0.4904	0.508	0.5034	0.9953	0.4987	0.5104	0.5096	1.0013	0.52
"coverage-runs/12556/ising-fit-5-3-1.json"	"2017-05-08_04-01-40"	0.5	0.5	1	0.5	0.501	0.5073	0.9953	0.5122	1	5	3	"root"	-441144.5705	0	NA	NA	NA	NA	NA	NA	NA	NA	NA	NA	NA	NA	NA	NA	NA	NA	NA	NA	NA	NA
"coverage-runs/12556/ising-fit-5-3-1-mcmc-2056.json"	"2017-05-08_04-01-39"	0.5	0.5	1	0.5	0.5008	0.5068	0.997	0.509	1	5	3	"root"	NA	NA	0.4952	0.5006	0.9865	0.4826	0.4985	0.5051	0.9922	0.5047	0.5008	0.5079	0.9953	0.5135	0.5027	0.5106	0.9985	0.5258	0.5067	0.5155	1.0041	0.5418
"coverage-runs/12556/ising-fit-4-2-1.json"	"2017-05-08_04-01-38"	0.5	0.5	1	0.5	0.5007	0.5075	0.9941	0.5137	1	4	2	"root"	-441276.5605	0	NA	NA	NA	NA	NA	NA	NA	NA	NA	NA	NA	NA	NA	NA	NA	NA	NA	NA	NA	NA
"coverage-runs/12556/ising-fit-4-2-1-mcmc-2056.json"	"2017-05-08_04-01-37"	0.5	0.5	1	0.5	0.5032	0.5103	0.9957	0.5192	1	4	2	"root"	NA	NA	0.4964	0.5007	0.9849	0.4892	0.4998	0.505	0.9909	0.5053	0.5013	0.5069	0.9942	0.5118	0.5028	0.5087	0.9974	0.5167	0.506	0.5134	1.0032	0.5339
"coverage-runs/02384/ising-fit-5-3-1.json"	"2017-05-08_03-08-42"	0.5	0.5	1	0.5	0.4981	0.5017	0.9879	0.5139	1	5	3	"root"	-440151.6425	0	NA	NA	NA	NA	NA	NA	NA	NA	NA	NA	NA	NA	NA	NA	NA	NA	NA	NA	NA	NA
"coverage-runs/02384/ising-fit-5-3-1-mcmc-15997.json"	"2017-05-08_03-08-41"	0.5	0.5	1	0.5	0.4952	0.5017	0.9915	0.5257	1	5	3	"root"	NA	NA	0.4928	0.4956	0.9789	0.4897	0.4965	0.4997	0.9849	0.5081	0.4981	0.502	0.9879	0.5151	0.4997	0.5042	0.9911	0.5229	0.5032	0.5087	0.9967	0.5415
"coverage-runs/02384/ising-fit-4-2-1.json"	"2017-05-08_03-08-40"	0.5	0.5	1	0.5	0.4983	0.5014	0.9874	0.5133	1	4	2	"root"	-440251.8992	0	NA	NA	NA	NA	NA	NA	NA	NA	NA	NA	NA	NA	NA	NA	NA	NA	NA	NA	NA	NA
"coverage-runs/02384/ising-fit-4-2-1-mcmc-15997.json"	"2017-05-08_03-08-39"	0.5	0.5	1	0.5	0.4953	0.5043	0.9872	0.5295	1	4	2	"root"	NA	NA	0.4931	0.4953	0.9783	0.4908	0.4964	0.4996	0.9845	0.5063	0.4981	0.5017	0.9875	0.5158	0.4999	0.5037	0.9906	0.5225	0.5026	0.5075	0.9968	0.5352
"coverage-runs/12929/ising-fit-5-3-1.json"	"2017-05-08_02-15-42"	0.5	0.5	1	0.5	0.5088	0.4977	0.9862	0.4777	1	5	3	"root"	-441239.9218	0	NA	NA	NA	NA	NA	NA	NA	NA	NA	NA	NA	NA	NA	NA	NA	NA	NA	NA	NA	NA
"coverage-runs/12929/ising-fit-5-3-1-mcmc-17199.json"	"2017-05-08_02-15-41"	0.5	0.5	1	0.5	0.507	0.5012	0.9882	0.4797	1	5	3	"root"	NA	NA	0.5044	0.491	0.9774	0.4546	0.5073	0.4952	0.9832	0.4685	0.509	0.4973	0.9862	0.4761	0.5107	0.4992	0.9892	0.4839	0.5137	0.5028	0.9948	0.493
"coverage-runs/12929/ising-fit-4-2-1.json"	"2017-05-08_02-15-40"	0.5	0.5	1	0.5	0.5086	0.4979	0.985	0.479	1	4	2	"root"	-441370.3438	0	NA	NA	NA	NA	NA	NA	NA	NA	NA	NA	NA	NA	NA	NA	NA	NA	NA	NA	NA	NA
"coverage-runs/12929/ising-fit-4-2-1-mcmc-17199.json"	"2017-05-08_02-15-39"	0.5	0.5	1	0.5	0.512	0.4936	0.9831	0.4659	1	4	2	"root"	NA	NA	0.5052	0.4895	0.9755	0.4481	0.5083	0.4933	0.9814	0.4601	0.5102	0.4957	0.9845	0.4703	0.5121	0.4982	0.9877	0.4791	0.5154	0.502	0.9939	0.4906
"coverage-runs/17035/ising-fit-5-3-1.json"	"2017-05-08_01-23-08"	0.5	0.5	1	0.5	0.5017	0.506	0.9968	0.5083	1	5	3	"root"	-440517.7859	0	NA	NA	NA	NA	NA	NA	NA	NA	NA	NA	NA	NA	NA	NA	NA	NA	NA	NA	NA	NA
"coverage-runs/17035/ising-fit-5-3-1-mcmc-6414.json"	"2017-05-08_01-23-07"	0.5	0.5	1	0.5	0.505	0.5093	1.0016	0.5189	1	5	3	"root"	NA	NA	0.4962	0.5018	0.9878	0.4974	0.4993	0.5053	0.9941	0.5072	0.5009	0.5068	0.9971	0.5124	0.5024	0.5088	1.0003	0.52	0.5051	0.5123	1.0062	0.5327
"coverage-runs/17035/ising-fit-4-2-1.json"	"2017-05-08_01-23-06"	0.5	0.5	1	0.5	0.5012	0.5064	0.9961	0.511	1	4	2	"root"	-440635.419	0	NA	NA	NA	NA	NA	NA	NA	NA	NA	NA	NA	NA	NA	NA	NA	NA	NA	NA	NA	NA
"coverage-runs/17035/ising-fit-4-2-1-mcmc-6414.json"	"2017-05-08_01-23-05"	0.5	0.5	1	0.5	0.5073	0.5018	0.9969	0.4888	1	4	2	"root"	NA	NA	0.4958	0.5	0.987	0.4892	0.499	0.5048	0.9931	0.5046	0.5008	0.5072	0.9961	0.5137	0.5025	0.5091	0.9993	0.522	0.5057	0.5126	1.0048	0.5326
"coverage-runs/31103/ising-fit-5-3-1.json"	"2017-05-08_00-08-39"	0.5	0.5	1	0.5	0.5043	0.5027	0.9895	0.5001	1	5	3	"root"	-440954.2291	0	NA	NA	NA	NA	NA	NA	NA	NA	NA	NA	NA	NA	NA	NA	NA	NA	NA	NA	NA	NA
"coverage-runs/31103/ising-fit-5-3-1-mcmc-23335.json"	"2017-05-08_00-08-37"	0.5	0.5	1	0.5	0.507	0.5025	0.9852	0.4949	1	5	3	"root"	NA	NA	0.4996	0.4961	0.9802	0.4725	0.5028	0.5001	0.9864	0.4912	0.5046	0.5021	0.9894	0.4978	0.5064	0.5042	0.9926	0.5061	0.5107	0.5081	0.9984	0.5195
"coverage-runs/31103/ising-fit-4-2-1.json"	"2017-05-08_00-08-35"	0.5	0.5	1	0.5	0.5043	0.5025	0.9889	0.5002	1	4	2	"root"	-441065.4081	0	NA	NA	NA	NA	NA	NA	NA	NA	NA	NA	NA	NA	NA	NA	NA	NA	NA	NA	NA	NA
"coverage-runs/31103/ising-fit-4-2-1-mcmc-23335.json"	"2017-05-08_00-08-34"	0.5	0.5	1	0.5	0.5048	0.5065	0.9971	0.5121	1	4	2	"root"	NA	NA	0.4995	0.497	0.9803	0.4776	0.5022	0.5012	0.986	0.4962	0.5037	0.5033	0.9891	0.5047	0.5054	0.5053	0.9922	0.5107	0.5091	0.5085	0.9987	0.5207
"coverage-runs/25247/ising-fit-5-3-1.json"	"2017-05-07_22-57-04"	0.5	0.5	1	0.5	0.4998	0.508	0.9972	0.525	1	5	3	"root"	-440877.082	0	NA	NA	NA	NA	NA	NA	NA	NA	NA	NA	NA	NA	NA	NA	NA	NA	NA	NA	NA	NA
"coverage-runs/25247/ising-fit-5-3-1-mcmc-17224.json"	"2017-05-07_22-57-03"	0.5	0.5	1	0.5	0.501	0.5089	0.9926	0.5167	1	5	3	"root"	NA	NA	0.4955	0.5019	0.9884	0.5043	0.4984	0.5055	0.9939	0.5139	0.5002	0.5076	0.997	0.5237	0.5018	0.5095	1.0001	0.53	0.5047	0.5126	1.0059	0.542
"coverage-runs/25247/ising-fit-4-2-1.json"	"2017-05-07_22-57-02"	0.5	0.5	1	0.5	0.4994	0.5084	0.9958	0.5274	1	4	2	"root"	-441018.0087	0	NA	NA	NA	NA	NA	NA	NA	NA	NA	NA	NA	NA	NA	NA	NA	NA	NA	NA	NA	NA
"coverage-runs/25247/ising-fit-4-2-1-mcmc-17224.json"	"2017-05-07_22-57-01"	0.5	0.5	1	0.5	0.5007	0.5063	0.9922	0.5216	1	4	2	"root"	NA	NA	0.4938	0.5025	0.9876	0.5065	0.4971	0.507	0.993	0.523	0.4987	0.5095	0.9962	0.5314	0.5005	0.5118	0.9997	0.5401	0.5037	0.5161	1.0056	0.5544
"coverage-runs/31401/ising-fit-5-3-1.json"	"2017-05-07_22-04-01"	0.5	0.5	1	0.5	0.4984	0.5041	0.9952	0.5207	1	5	3	"root"	-440022.6077	0	NA	NA	NA	NA	NA	NA	NA	NA	NA	NA	NA	NA	NA	NA	NA	NA	NA	NA	NA	NA
"coverage-runs/31401/ising-fit-5-3-1-mcmc-23212.json"	"2017-05-07_22-04-00"	0.5	0.5	1	0.5	0.4952	0.5048	0.9941	0.5322	1	5	3	"root"	NA	NA	0.493	0.4961	0.9858	0.4886	0.4967	0.5012	0.9916	0.5093	0.4987	0.5038	0.9949	0.5186	0.5006	0.5063	0.9981	0.5275	0.5046	0.5108	1.0039	0.549
"coverage-runs/31401/ising-fit-4-2-1.json"	"2017-05-07_22-03-59"	0.5	0.5	1	0.5	0.4982	0.5042	0.9946	0.5217	1	4	2	"root"	-440129.5466	0	NA	NA	NA	NA	NA	NA	NA	NA	NA	NA	NA	NA	NA	NA	NA	NA	NA	NA	NA	NA
"coverage-runs/31401/ising-fit-4-2-1-mcmc-23212.json"	"2017-05-07_22-03-58"	0.5	0.5	1	0.5	0.493	0.5053	0.9946	0.5261	1	4	2	"root"	NA	NA	0.4907	0.498	0.9859	0.494	0.4954	0.5026	0.9916	0.5149	0.4976	0.5051	0.9947	0.5258	0.4994	0.5081	0.9978	0.5368	0.5035	0.5144	1.0038	0.5603
"coverage-runs/01251/ising-fit-5-3-1.json"	"2017-05-07_21-11-14"	0.5	0.5	1	0.5	0.5019	0.4998	0.9964	0.5004	1	5	3	"root"	-439569.9941	0	NA	NA	NA	NA	NA	NA	NA	NA	NA	NA	NA	NA	NA	NA	NA	NA	NA	NA	NA	NA
"coverage-runs/01251/ising-fit-5-3-1-mcmc-17431.json"	"2017-05-07_21-11-13"	0.5	0.5	1	0.5	0.4985	0.5047	0.9905	0.5221	1	5	3	"root"	NA	NA	0.4971	0.4953	0.988	0.4853	0.4995	0.4987	0.9939	0.4972	0.501	0.5008	0.997	0.5058	0.5026	0.5027	0.9999	0.512	0.506	0.5057	1.006	0.5216
"coverage-runs/01251/ising-fit-4-2-1.json"	"2017-05-07_21-11-12"	0.5	0.5	1	0.5	0.5018	0.4996	0.9955	0.5005	1	4	2	"root"	-439689.9471	0	NA	NA	NA	NA	NA	NA	NA	NA	NA	NA	NA	NA	NA	NA	NA	NA	NA	NA	NA	NA
"coverage-runs/01251/ising-fit-4-2-1-mcmc-17431.json"	"2017-05-07_21-11-10"	0.5	0.5	1	0.5	0.5033	0.5008	0.9877	0.4915	1	4	2	"root"	NA	NA	0.4961	0.4937	0.9867	0.4772	0.4991	0.498	0.9927	0.4937	0.5011	0.5008	0.9958	0.5056	0.5033	0.5029	0.999	0.515	0.507	0.5066	1.0051	0.5258
"coverage-runs/02771/ising-fit-5-3-1.json"	"2017-05-07_20-18-23"	0.5	0.5	1	0.5	0.5042	0.4983	0.9982	0.4924	1	5	3	"root"	-439824.3768	0	NA	NA	NA	NA	NA	NA	NA	NA	NA	NA	NA	NA	NA	NA	NA	NA	NA	NA	NA	NA
"coverage-runs/02771/ising-fit-5-3-1-mcmc-22295.json"	"2017-05-07_20-18-22"	0.5	0.5	1	0.5	0.5051	0.4988	1.002	0.4956	1	5	3	"root"	NA	NA	0.499	0.4918	0.9892	0.4686	0.5021	0.4966	0.9951	0.4861	0.5038	0.4993	0.9981	0.4961	0.5056	0.5013	1.0015	0.503	0.5095	0.5047	1.0077	0.5139
"coverage-runs/02771/ising-fit-4-2-1.json"	"2017-05-07_20-18-21"	0.5	0.5	1	0.5	0.5035	0.4989	0.9971	0.4957	1	4	2	"root"	-439953.9965	0	NA	NA	NA	NA	NA	NA	NA	NA	NA	NA	NA	NA	NA	NA	NA	NA	NA	NA	NA	NA
"coverage-runs/02771/ising-fit-4-2-1-mcmc-22295.json"	"2017-05-07_20-18-20"	0.5	0.5	1	0.5	0.5054	0.4952	0.9971	0.4743	1	4	2	"root"	NA	NA	0.498	0.4927	0.9877	0.4732	0.5022	0.4961	0.994	0.4842	0.504	0.4982	0.9972	0.4928	0.5058	0.5009	1.0004	0.5033	0.5089	0.506	1.0062	0.5249
"coverage-runs/21905/ising-fit-5-3-1.json"	"2017-05-07_19-25-14"	0.5	0.5	1	0.5	0.504	0.4969	0.9918	0.4925	1	5	3	"root"	-440002.3456	0	NA	NA	NA	NA	NA	NA	NA	NA	NA	NA	NA	NA	NA	NA	NA	NA	NA	NA	NA	NA
"coverage-runs/21905/ising-fit-5-3-1-mcmc-31675.json"	"2017-05-07_19-25-13"	0.5	0.5	1	0.5	0.5021	0.4958	0.9923	0.501	1	5	3	"root"	NA	NA	0.4969	0.491	0.983	0.4725	0.5021	0.4953	0.9887	0.4877	0.5039	0.4973	0.992	0.4932	0.5055	0.4996	0.9952	0.5007	0.5084	0.5058	1.0018	0.5315
"coverage-runs/21905/ising-fit-4-2-1.json"	"2017-05-07_19-25-12"	0.5	0.5	1	0.5	0.5039	0.4969	0.9904	0.4932	1	4	2	"root"	-440127.7167	0	NA	NA	NA	NA	NA	NA	NA	NA	NA	NA	NA	NA	NA	NA	NA	NA	NA	NA	NA	NA
"coverage-runs/21905/ising-fit-4-2-1-mcmc-31675.json"	"2017-05-07_19-25-11"	0.5	0.5	1	0.5	0.505	0.4946	0.9909	0.4891	1	4	2	"root"	NA	NA	0.4988	0.4917	0.9815	0.4724	0.5019	0.4954	0.9871	0.488	0.5035	0.4976	0.9903	0.4951	0.5051	0.4999	0.9933	0.5038	0.5083	0.5041	0.9993	0.5179
"coverage-runs/01698/ising-fit-5-3-1.json"	"2017-05-07_18-32-06"	0.5	0.5	1	0.5	0.5001	0.5029	0.9948	0.5036	1	5	3	"root"	-440104.5864	0	NA	NA	NA	NA	NA	NA	NA	NA	NA	NA	NA	NA	NA	NA	NA	NA	NA	NA	NA	NA
"coverage-runs/01698/ising-fit-5-3-1-mcmc-15877.json"	"2017-05-07_18-32-05"	0.5	0.5	1	0.5	0.4996	0.4992	0.9934	0.5009	1	5	3	"root"	NA	NA	0.4953	0.4962	0.9856	0.4798	0.4986	0.5002	0.9914	0.494	0.5004	0.5025	0.9947	0.5018	0.5022	0.5046	0.9979	0.5089	0.5059	0.5085	1.0041	0.526
"coverage-runs/01698/ising-fit-4-2-1.json"	"2017-05-07_18-32-04"	0.5	0.5	1	0.5	0.5	0.5028	0.9927	0.5039	1	4	2	"root"	-440249.2762	0	NA	NA	NA	NA	NA	NA	NA	NA	NA	NA	NA	NA	NA	NA	NA	NA	NA	NA	NA	NA
"coverage-runs/01698/ising-fit-4-2-1-mcmc-15877.json"	"2017-05-07_18-32-03"	0.5	0.5	1	0.5	0.5044	0.4975	0.9928	0.4832	1	4	2	"root"	NA	NA	0.4957	0.4957	0.9836	0.478	0.4993	0.4994	0.9896	0.4903	0.501	0.5016	0.9926	0.4982	0.5027	0.5038	0.9958	0.5069	0.5056	0.5076	1.0019	0.5229
"coverage-runs/31300/ising-fit-5-3-1.json"	"2017-05-07_17-39-06"	0.5	0.5	1	0.5	0.5012	0.5111	0.9897	0.5279	1	5	3	"root"	-441639.9404	0	NA	NA	NA	NA	NA	NA	NA	NA	NA	NA	NA	NA	NA	NA	NA	NA	NA	NA	NA	NA
"coverage-runs/31300/ising-fit-5-3-1-mcmc-27779.json"	"2017-05-07_17-39-05"	0.5	0.5	1	0.5	0.5003	0.5136	0.9949	0.5353	1	5	3	"root"	NA	NA	0.4951	0.5052	0.9808	0.5081	0.4991	0.5092	0.9866	0.5207	0.501	0.5116	0.9897	0.5299	0.5029	0.5142	0.9928	0.5383	0.5061	0.5185	0.9986	0.5595
"coverage-runs/31300/ising-fit-4-2-1.json"	"2017-05-07_17-39-04"	0.5	0.5	1	0.5	0.5009	0.5113	0.9894	0.5297	1	4	2	"root"	-441751.8194	0	NA	NA	NA	NA	NA	NA	NA	NA	NA	NA	NA	NA	NA	NA	NA	NA	NA	NA	NA	NA
"coverage-runs/31300/ising-fit-4-2-1-mcmc-27779.json"	"2017-05-07_17-39-03"	0.5	0.5	1	0.5	0.4993	0.5133	0.9882	0.5384	1	4	2	"root"	NA	NA	0.4964	0.5047	0.9804	0.5071	0.4993	0.5092	0.9861	0.5223	0.501	0.5116	0.9892	0.5293	0.5027	0.5135	0.9924	0.5378	0.5059	0.517	0.9983	0.5498
"coverage-runs/17731/ising-fit-5-3-1.json"	"2017-05-07_16-46-06"	0.5	0.5	1	0.5	0.5003	0.5079	0.9971	0.5177	1	5	3	"root"	-440390.8356	0	NA	NA	NA	NA	NA	NA	NA	NA	NA	NA	NA	NA	NA	NA	NA	NA	NA	NA	NA	NA
"coverage-runs/17731/ising-fit-5-3-1-mcmc-22722.json"	"2017-05-07_16-46-05"	0.5	0.5	1	0.5	0.498	0.5129	0.9964	0.5258	1	5	3	"root"	NA	NA	0.4949	0.5015	0.9879	0.4959	0.4981	0.506	0.9941	0.5108	0.5001	0.5083	0.9973	0.5194	0.5018	0.5103	1.0004	0.528	0.5047	0.5148	1.0062	0.5429
"coverage-runs/17731/ising-fit-4-2-1.json"	"2017-05-07_16-46-04"	0.5	0.5	1	0.5	0.5	0.508	0.9957	0.5191	1	4	2	"root"	-440522.5826	0	NA	NA	NA	NA	NA	NA	NA	NA	NA	NA	NA	NA	NA	NA	NA	NA	NA	NA	NA	NA
"coverage-runs/17731/ising-fit-4-2-1-mcmc-22722.json"	"2017-05-07_16-46-03"	0.5	0.5	1	0.5	0.4986	0.5096	0.9985	0.5247	1	4	2	"root"	NA	NA	0.4959	0.5023	0.9864	0.5012	0.4986	0.5059	0.9924	0.5102	0.5002	0.5078	0.9956	0.5188	0.5017	0.5097	0.9987	0.5252	0.5048	0.5128	1.0046	0.5348
"coverage-runs/09571/ising-fit-5-3-1.json"	"2017-05-07_15-52-59"	0.5	0.5	1	0.5	0.5043	0.5075	0.99	0.5139	1	5	3	"root"	-441946.6458	0	NA	NA	NA	NA	NA	NA	NA	NA	NA	NA	NA	NA	NA	NA	NA	NA	NA	NA	NA	NA
"coverage-runs/09571/ising-fit-5-3-1-mcmc-32318.json"	"2017-05-07_15-52-58"	0.5	0.5	1	0.5	0.5036	0.5085	0.9894	0.5231	1	5	3	"root"	NA	NA	0.4974	0.5016	0.9814	0.4961	0.5018	0.5057	0.987	0.5075	0.504	0.5081	0.9901	0.5161	0.5057	0.5105	0.9933	0.5256	0.5083	0.5163	0.999	0.5483
"coverage-runs/09571/ising-fit-4-2-1.json"	"2017-05-07_15-52-57"	0.5	0.5	1	0.5	0.5039	0.5078	0.9885	0.516	1	4	2	"root"	-442090.1735	0	NA	NA	NA	NA	NA	NA	NA	NA	NA	NA	NA	NA	NA	NA	NA	NA	NA	NA	NA	NA
"coverage-runs/09571/ising-fit-4-2-1-mcmc-32318.json"	"2017-05-07_15-52-56"	0.5	0.5	1	0.5	0.5042	0.5092	0.9933	0.5213	1	4	2	"root"	NA	NA	0.4984	0.5001	0.9794	0.4871	0.502	0.5046	0.9856	0.5027	0.5041	0.5072	0.9885	0.5151	0.5064	0.51	0.9917	0.5243	0.5098	0.515	0.998	0.5455
"coverage-runs/25632/ising-fit-5-3-1.json"	"2017-05-07_14-59-47"	0.5	0.5	1	0.5	0.5131	0.4915	1.0005	0.451	1	5	3	"root"	-440167.9064	0	NA	NA	NA	NA	NA	NA	NA	NA	NA	NA	NA	NA	NA	NA	NA	NA	NA	NA	NA	NA
"coverage-runs/25632/ising-fit-5-3-1-mcmc-18657.json"	"2017-05-07_14-59-46"	0.5	0.5	1	0.5	0.5115	0.4956	0.9971	0.4659	1	5	3	"root"	NA	NA	0.5084	0.4862	0.9915	0.4345	0.511	0.4899	0.9974	0.4457	0.5126	0.4919	1.0007	0.4538	0.5143	0.494	1.004	0.4609	0.5177	0.4974	1.0102	0.4727
"coverage-runs/25632/ising-fit-4-2-1.json"	"2017-05-07_14-59-45"	0.5	0.5	1	0.5	0.5131	0.4914	0.9999	0.4515	1	4	2	"root"	-440285.5257	0	NA	NA	NA	NA	NA	NA	NA	NA	NA	NA	NA	NA	NA	NA	NA	NA	NA	NA	NA	NA
"coverage-runs/25632/ising-fit-4-2-1-mcmc-18657.json"	"2017-05-07_14-59-44"	0.5	0.5	1	0.5	0.5149	0.4886	0.9928	0.4421	1	4	2	"root"	NA	NA	0.5094	0.4847	0.9905	0.4268	0.5122	0.4879	0.9963	0.4378	0.5139	0.4898	0.9996	0.4446	0.5156	0.492	1.0029	0.4555	0.5182	0.4961	1.0091	0.4663
"coverage-runs/23941/ising-fit-5-3-1.json"	"2017-05-07_14-08-13"	0.5	0.5	1	0.5	0.5061	0.5007	0.9969	0.4902	1	5	3	"root"	-440503.5725	0	NA	NA	NA	NA	NA	NA	NA	NA	NA	NA	NA	NA	NA	NA	NA	NA	NA	NA	NA	NA
"coverage-runs/23941/ising-fit-5-3-1-mcmc-13840.json"	"2017-05-07_14-08-12"	0.5	0.5	1	0.5	0.5054	0.4995	0.9979	0.4994	1	5	3	"root"	NA	NA	0.5004	0.4953	0.9881	0.4702	0.5035	0.4991	0.9937	0.4836	0.5054	0.5015	0.997	0.4935	0.5072	0.5041	1	0.5034	0.5104	0.5083	1.0061	0.5168
"coverage-runs/23941/ising-fit-4-2-1.json"	"2017-05-07_14-08-11"	0.5	0.5	1	0.5	0.5057	0.5011	0.9975	0.493	1	4	2	"root"	-440596.2161	0	NA	NA	NA	NA	NA	NA	NA	NA	NA	NA	NA	NA	NA	NA	NA	NA	NA	NA	NA	NA
"coverage-runs/23941/ising-fit-4-2-1-mcmc-13840.json"	"2017-05-07_14-08-10"	0.5	0.5	1	0.5	0.5092	0.5026	0.9969	0.4894	1	4	2	"root"	NA	NA	0.4997	0.4958	0.9889	0.4754	0.5029	0.4999	0.9945	0.4865	0.5046	0.5025	0.9977	0.5008	0.5068	0.5052	1.001	0.5092	0.5103	0.5091	1.0071	0.5213
"coverage-runs/27993/ising-fit-5-3-1.json"	"2017-05-07_13-15-10"	0.5	0.5	1	0.5	0.5039	0.502	0.9965	0.5005	1	5	3	"root"	-440676.1041	0	NA	NA	NA	NA	NA	NA	NA	NA	NA	NA	NA	NA	NA	NA	NA	NA	NA	NA	NA	NA
"coverage-runs/27993/ising-fit-5-3-1-mcmc-10754.json"	"2017-05-07_13-15-09"	0.5	0.5	1	0.5	0.502	0.5062	0.9928	0.5059	1	5	3	"root"	NA	NA	0.4989	0.4977	0.9883	0.4898	0.5019	0.5011	0.9938	0.4992	0.5034	0.5029	0.9968	0.5041	0.5048	0.5048	0.9999	0.5098	0.5072	0.5091	1.006	0.5243
"coverage-runs/27993/ising-fit-4-2-1.json"	"2017-05-07_13-15-08"	0.5	0.5	1	0.5	0.5028	0.5034	0.9944	0.5067	1	4	2	"root"	-440831.305	0	NA	NA	NA	NA	NA	NA	NA	NA	NA	NA	NA	NA	NA	NA	NA	NA	NA	NA	NA	NA
"coverage-runs/27993/ising-fit-4-2-1-mcmc-10754.json"	"2017-05-07_13-15-07"	0.5	0.5	1	0.5	0.5057	0.5035	0.9999	0.5032	1	4	2	"root"	NA	NA	0.4987	0.4979	0.9846	0.4853	0.5013	0.5015	0.9911	0.5	0.5029	0.5033	0.9942	0.5064	0.5045	0.5049	0.9974	0.5122	0.5075	0.5081	1.0035	0.5226
"coverage-runs/12421/ising-fit-5-3-1.json"	"2017-05-07_12-22-14"	0.5	0.5	1	0.5	0.5021	0.5077	0.997	0.5177	1	5	3	"root"	-440832.8952	0	NA	NA	NA	NA	NA	NA	NA	NA	NA	NA	NA	NA	NA	NA	NA	NA	NA	NA	NA	NA
"coverage-runs/12421/ising-fit-5-3-1-mcmc-18765.json"	"2017-05-07_12-22-13"	0.5	0.5	1	0.5	0.5024	0.5011	0.994	0.5081	1	5	3	"root"	NA	NA	0.4982	0.5006	0.9881	0.4898	0.5012	0.5049	0.9938	0.507	0.5028	0.507	0.997	0.5139	0.5045	0.5091	1.0002	0.522	0.5075	0.5131	1.0065	0.5326
"coverage-runs/12421/ising-fit-4-2-1.json"	"2017-05-07_12-22-12"	0.5	0.5	1	0.5	0.502	0.5075	0.9964	0.5183	1	4	2	"root"	-440956.8016	0	NA	NA	NA	NA	NA	NA	NA	NA	NA	NA	NA	NA	NA	NA	NA	NA	NA	NA	NA	NA
"coverage-runs/12421/ising-fit-4-2-1-mcmc-18765.json"	"2017-05-07_12-22-11"	0.5	0.5	1	0.5	0.5057	0.5042	0.9955	0.5053	1	4	2	"root"	NA	NA	0.4963	0.5032	0.9872	0.5026	0.4995	0.5065	0.9931	0.516	0.5011	0.5087	0.9965	0.525	0.5027	0.511	0.9996	0.5315	0.5059	0.5153	1.0061	0.5485
"coverage-runs/17201/ising-fit-5-3-1.json"	"2017-05-07_11-29-25"	0.5	0.5	1	0.5	0.503	0.5056	1.0052	0.5152	1	5	3	"root"	-439739.8934	0	NA	NA	NA	NA	NA	NA	NA	NA	NA	NA	NA	NA	NA	NA	NA	NA	NA	NA	NA	NA
"coverage-runs/17201/ising-fit-5-3-1-mcmc-24739.json"	"2017-05-07_11-29-24"	0.5	0.5	1	0.5	0.5033	0.5053	1.0044	0.515	1	5	3	"root"	NA	NA	0.4974	0.5012	0.996	0.5015	0.5005	0.5049	1.0023	0.5125	0.5021	0.5071	1.0053	0.5213	0.5037	0.5094	1.0084	0.5295	0.5066	0.5133	1.014	0.5407
"coverage-runs/17201/ising-fit-4-2-1.json"	"2017-05-07_11-29-23"	0.5	0.5	1	0.5	0.5023	0.5067	1.0034	0.5201	1	4	2	"root"	-439887.9123	0	NA	NA	NA	NA	NA	NA	NA	NA	NA	NA	NA	NA	NA	NA	NA	NA	NA	NA	NA	NA
"coverage-runs/17201/ising-fit-4-2-1-mcmc-24739.json"	"2017-05-07_11-29-22"	0.5	0.5	1	0.5	0.5068	0.5012	0.9991	0.4949	1	4	2	"root"	NA	NA	0.4988	0.4978	0.994	0.4882	0.5016	0.5026	1	0.5028	0.5034	0.5053	1.0031	0.5143	0.5053	0.5076	1.0062	0.5239	0.5084	0.5108	1.0123	0.5325
"coverage-runs/30673/ising-fit-5-3-1.json"	"2017-05-07_10-36-21"	0.5	0.5	1	0.5	0.499	0.5045	0.9961	0.511	1	5	3	"root"	-440095.0602	0	NA	NA	NA	NA	NA	NA	NA	NA	NA	NA	NA	NA	NA	NA	NA	NA	NA	NA	NA	NA
"coverage-runs/30673/ising-fit-5-3-1-mcmc-9865.json"	"2017-05-07_10-36-20"	0.5	0.5	1	0.5	0.497	0.5078	1.0006	0.5228	1	5	3	"root"	NA	NA	0.4948	0.4983	0.9872	0.4882	0.4973	0.5026	0.9931	0.5043	0.4989	0.5045	0.9962	0.5125	0.5005	0.5065	0.9992	0.5183	0.504	0.5102	1.005	0.5295
"coverage-runs/30673/ising-fit-4-2-1.json"	"2017-05-07_10-36-19"	0.5	0.5	1	0.5	0.4985	0.505	0.9946	0.5137	1	4	2	"root"	-440228.1166	0	NA	NA	NA	NA	NA	NA	NA	NA	NA	NA	NA	NA	NA	NA	NA	NA	NA	NA	NA	NA
"coverage-runs/30673/ising-fit-4-2-1-mcmc-9865.json"	"2017-05-07_10-36-18"	0.5	0.5	1	0.5	0.4987	0.5078	1.0007	0.5262	1	4	2	"root"	NA	NA	0.4928	0.4996	0.9858	0.4952	0.4957	0.5039	0.9916	0.5105	0.4975	0.5063	0.9947	0.5203	0.4992	0.5089	0.9979	0.5306	0.5028	0.5129	1.0044	0.5401
"coverage-runs/13014/ising-fit-5-3-1.json"	"2017-05-07_09-43-31"	0.5	0.5	1	0.5	0.5024	0.5047	0.9977	0.508	1	5	3	"root"	-440506.219	0	NA	NA	NA	NA	NA	NA	NA	NA	NA	NA	NA	NA	NA	NA	NA	NA	NA	NA	NA	NA
"coverage-runs/13014/ising-fit-5-3-1-mcmc-23119.json"	"2017-05-07_09-43-30"	0.5	0.5	1	0.5	0.5025	0.5067	0.9975	0.5162	1	5	3	"root"	NA	NA	0.4976	0.4965	0.9892	0.479	0.5007	0.5014	0.9948	0.4935	0.5026	0.5042	0.9977	0.5083	0.5048	0.5068	1.0008	0.5163	0.5084	0.5108	1.0064	0.5267
"coverage-runs/13014/ising-fit-4-2-1.json"	"2017-05-07_09-43-29"	0.5	0.5	1	0.5	0.5022	0.5047	0.9957	0.5087	1	4	2	"root"	-440660.2834	0	NA	NA	NA	NA	NA	NA	NA	NA	NA	NA	NA	NA	NA	NA	NA	NA	NA	NA	NA	NA
"coverage-runs/13014/ising-fit-4-2-1-mcmc-23119.json"	"2017-05-07_09-43-28"	0.5	0.5	1	0.5	0.5033	0.5053	0.9918	0.4998	1	4	2	"root"	NA	NA	0.4992	0.4979	0.9862	0.4824	0.5024	0.5009	0.992	0.4932	0.5039	0.5025	0.995	0.4989	0.5054	0.5043	0.998	0.5052	0.5082	0.5078	1.0039	0.5144
"coverage-runs/14165/ising-fit-5-3-1.json"	"2017-05-07_08-50-18"	0.5	0.5	1	0.5	0.4981	0.5091	0.994	0.5277	1	5	3	"root"	-440563.8578	0	NA	NA	NA	NA	NA	NA	NA	NA	NA	NA	NA	NA	NA	NA	NA	NA	NA	NA	NA	NA
"coverage-runs/14165/ising-fit-5-3-1-mcmc-22229.json"	"2017-05-07_08-50-17"	0.5	0.5	1	0.5	0.4977	0.5095	0.9942	0.5349	1	5	3	"root"	NA	NA	0.4925	0.5019	0.985	0.5018	0.4959	0.5072	0.991	0.5216	0.4976	0.5099	0.9941	0.5308	0.4997	0.5122	0.9974	0.5393	0.5039	0.5168	1.0034	0.5558
"coverage-runs/14165/ising-fit-4-2-1.json"	"2017-05-07_08-50-16"	0.5	0.5	1	0.5	0.4981	0.5088	0.993	0.5273	1	4	2	"root"	-440683.9043	0	NA	NA	NA	NA	NA	NA	NA	NA	NA	NA	NA	NA	NA	NA	NA	NA	NA	NA	NA	NA
"coverage-runs/14165/ising-fit-4-2-1-mcmc-22229.json"	"2017-05-07_08-50-15"	0.5	0.5	1	0.5	0.4984	0.509	0.9961	0.5257	1	4	2	"root"	NA	NA	0.4939	0.5026	0.9841	0.5067	0.4972	0.5061	0.9899	0.5174	0.4988	0.508	0.9929	0.523	0.5002	0.5102	0.9959	0.5314	0.503	0.5138	1.0016	0.5433
"coverage-runs/30782/ising-fit-5-3-1.json"	"2017-05-06_20-29-30"	0.5	0.5	1	0.5	0.4999	0.5077	1.0001	0.5189	1	5	3	"root"	-440444.6952	0	NA	NA	NA	NA	NA	NA	NA	NA	NA	NA	NA	NA	NA	NA	NA	NA	NA	NA	NA	NA
"coverage-runs/30782/ising-fit-5-3-1-mcmc-641.json"	"2017-05-06_20-29-29"	0.5	0.5	1	0.5	0.4998	0.5052	0.9926	0.514	1	5	3	"root"	NA	NA	0.4959	0.5001	0.9906	0.4887	0.4986	0.5046	0.9967	0.5053	0.5003	0.5073	0.9999	0.5174	0.5021	0.5094	1.0031	0.5254	0.5059	0.513	1.009	0.536
"coverage-runs/30782/ising-fit-4-2-1.json"	"2017-05-06_20-29-28"	0.5	0.5	1	0.5	0.4997	0.5079	0.9986	0.5199	1	4	2	"root"	-440582.3779	0	NA	NA	NA	NA	NA	NA	NA	NA	NA	NA	NA	NA	NA	NA	NA	NA	NA	NA	NA	NA
"coverage-runs/30782/ising-fit-4-2-1-mcmc-641.json"	"2017-05-06_20-29-27"	0.5	0.5	1	0.5	0.501	0.5092	0.9959	0.5221	1	4	2	"root"	NA	NA	0.4931	0.5026	0.9903	0.5031	0.4968	0.506	0.9959	0.5142	0.4991	0.5084	0.999	0.5217	0.5009	0.5114	1.0021	0.5351	0.5036	0.5168	1.008	0.5531
"coverage-runs/06434/ising-fit-5-3-1.json"	"2017-05-06_19-36-47"	0.5	0.5	1	0.5	0.5049	0.4967	0.9948	0.4789	1	5	3	"root"	-440023.4201	0	NA	NA	NA	NA	NA	NA	NA	NA	NA	NA	NA	NA	NA	NA	NA	NA	NA	NA	NA	NA
"coverage-runs/06434/ising-fit-5-3-1-mcmc-32662.json"	"2017-05-06_19-36-46"	0.5	0.5	1	0.5	0.5098	0.4873	0.9928	0.4591	1	5	3	"root"	NA	NA	0.4996	0.4923	0.9859	0.4656	0.5025	0.4956	0.992	0.4753	0.5042	0.4977	0.9951	0.4837	0.5059	0.4996	0.9983	0.4892	0.5093	0.5032	1.004	0.5032
"coverage-runs/06434/ising-fit-4-2-1.json"	"2017-05-06_19-36-45"	0.5	0.5	1	0.5	0.5048	0.4968	0.9939	0.4797	1	4	2	"root"	-440148.3935	0	NA	NA	NA	NA	NA	NA	NA	NA	NA	NA	NA	NA	NA	NA	NA	NA	NA	NA	NA	NA
"coverage-runs/06434/ising-fit-4-2-1-mcmc-32662.json"	"2017-05-06_19-36-44"	0.5	0.5	1	0.5	0.5013	0.5005	0.9909	0.4987	1	4	2	"root"	NA	NA	0.4997	0.4913	0.9847	0.4596	0.5031	0.4947	0.9904	0.4732	0.5047	0.4966	0.9935	0.4789	0.5064	0.4988	0.9968	0.4863	0.5097	0.5027	1.0029	0.5031
"coverage-runs/19989/ising-fit-5-3-1.json"	"2017-05-06_18-43-57"	0.5	0.5	1	0.5	0.502	0.5065	0.9924	0.5092	1	5	3	"root"	-441155.2595	0	NA	NA	NA	NA	NA	NA	NA	NA	NA	NA	NA	NA	NA	NA	NA	NA	NA	NA	NA	NA
"coverage-runs/19989/ising-fit-5-3-1-mcmc-19105.json"	"2017-05-06_18-43-56"	0.5	0.5	1	0.5	0.5013	0.5073	0.9928	0.5054	1	5	3	"root"	NA	NA	0.499	0.4996	0.9833	0.4823	0.5016	0.5033	0.9892	0.4966	0.503	0.5053	0.9923	0.504	0.5045	0.5071	0.9953	0.509	0.5078	0.5106	1.0012	0.5191
"coverage-runs/19989/ising-fit-4-2-1.json"	"2017-05-06_18-43-55"	0.5	0.5	1	0.5	0.5018	0.5066	0.9921	0.5103	1	4	2	"root"	-441265.2347	0	NA	NA	NA	NA	NA	NA	NA	NA	NA	NA	NA	NA	NA	NA	NA	NA	NA	NA	NA	NA
"coverage-runs/19989/ising-fit-4-2-1-mcmc-19105.json"	"2017-05-06_18-43-54"	0.5	0.5	1	0.5	0.5015	0.5062	0.9861	0.5058	1	4	2	"root"	NA	NA	0.4972	0.5	0.9833	0.4857	0.5005	0.5043	0.9888	0.5016	0.5021	0.5064	0.992	0.5094	0.5037	0.5085	0.9952	0.5163	0.5066	0.5124	1.0012	0.5284
"coverage-runs/06123/ising-fit-5-3-1.json"	"2017-05-06_17-51-05"	0.5	0.5	1	0.5	0.4958	0.5127	0.9929	0.5468	1	5	3	"root"	-440962.4544	0	NA	NA	NA	NA	NA	NA	NA	NA	NA	NA	NA	NA	NA	NA	NA	NA	NA	NA	NA	NA
"coverage-runs/06123/ising-fit-5-3-1-mcmc-5590.json"	"2017-05-06_17-51-04"	0.5	0.5	1	0.5	0.4952	0.5109	1.0045	0.5489	1	5	3	"root"	NA	NA	0.4908	0.5063	0.9841	0.5256	0.494	0.5106	0.99	0.5396	0.4957	0.5128	0.9932	0.5478	0.4973	0.5153	0.9962	0.5555	0.5003	0.5202	1.0021	0.5745
"coverage-runs/06123/ising-fit-4-2-1.json"	"2017-05-06_17-51-03"	0.5	0.5	1	0.5	0.4954	0.5131	0.9903	0.5487	1	4	2	"root"	-441128.3299	0	NA	NA	NA	NA	NA	NA	NA	NA	NA	NA	NA	NA	NA	NA	NA	NA	NA	NA	NA	NA
"coverage-runs/06123/ising-fit-4-2-1-mcmc-5590.json"	"2017-05-06_17-51-02"	0.5	0.5	1	0.5	0.4971	0.5169	0.9975	0.5586	1	4	2	"root"	NA	NA	0.4928	0.5047	0.9809	0.5189	0.4955	0.5086	0.9866	0.532	0.4968	0.5108	0.9898	0.5402	0.4984	0.513	0.993	0.5453	0.5017	0.5176	0.9987	0.5599
"coverage-runs/21751/ising-fit-5-3-1.json"	"2017-05-06_16-58-13"	0.5	0.5	1	0.5	0.5018	0.5016	0.9887	0.5039	1	5	3	"root"	-440546.7915	0	NA	NA	NA	NA	NA	NA	NA	NA	NA	NA	NA	NA	NA	NA	NA	NA	NA	NA	NA	NA
"coverage-runs/21751/ising-fit-5-3-1-mcmc-31577.json"	"2017-05-06_16-58-12"	0.5	0.5	1	0.5	0.498	0.5053	0.9865	0.5215	1	5	3	"root"	NA	NA	0.4967	0.4961	0.9792	0.4868	0.4997	0.5001	0.9852	0.4982	0.5014	0.5023	0.9885	0.5066	0.5031	0.5046	0.9919	0.5141	0.5062	0.5085	0.9973	0.5301
"coverage-runs/21751/ising-fit-4-2-1.json"	"2017-05-06_16-58-11"	0.5	0.5	1	0.5	0.5019	0.5017	0.9873	0.504	1	4	2	"root"	-440680.1239	0	NA	NA	NA	NA	NA	NA	NA	NA	NA	NA	NA	NA	NA	NA	NA	NA	NA	NA	NA	NA
"coverage-runs/21751/ising-fit-4-2-1-mcmc-31577.json"	"2017-05-06_16-58-10"	0.5	0.5	1	0.5	0.4999	0.5015	0.9849	0.5063	1	4	2	"root"	NA	NA	0.4982	0.4944	0.9778	0.4738	0.501	0.4987	0.9838	0.4931	0.5025	0.5006	0.9869	0.4998	0.5043	0.5025	0.9902	0.5062	0.5076	0.5063	0.9964	0.519
"coverage-runs/16295/ising-fit-5-3-1.json"	"2017-05-06_16-04-49"	0.5	0.5	1	0.5	0.5	0.5081	0.9956	0.5237	1	5	3	"root"	-440647.7966	0	NA	NA	NA	NA	NA	NA	NA	NA	NA	NA	NA	NA	NA	NA	NA	NA	NA	NA	NA	NA
"coverage-runs/16295/ising-fit-5-3-1-mcmc-28391.json"	"2017-05-06_16-04-47"	0.5	0.5	1	0.5	0.4986	0.5126	0.991	0.5333	1	5	3	"root"	NA	NA	0.4952	0.5016	0.9865	0.4993	0.4983	0.5054	0.9923	0.5116	0.5002	0.5079	0.9953	0.523	0.5021	0.5101	0.9984	0.5317	0.5054	0.5138	1.0045	0.5431
"coverage-runs/16295/ising-fit-4-2-1.json"	"2017-05-06_16-04-46"	0.5	0.5	1	0.5	0.4994	0.5087	0.9947	0.5274	1	4	2	"root"	-440770.9308	0	NA	NA	NA	NA	NA	NA	NA	NA	NA	NA	NA	NA	NA	NA	NA	NA	NA	NA	NA	NA
"coverage-runs/16295/ising-fit-4-2-1-mcmc-28391.json"	"2017-05-06_16-04-45"	0.5	0.5	1	0.5	0.4995	0.5123	0.9957	0.5381	1	4	2	"root"	NA	NA	0.4962	0.5029	0.9851	0.5093	0.4985	0.5062	0.9912	0.5187	0.4999	0.508	0.9943	0.5245	0.5014	0.5097	0.9974	0.5291	0.5039	0.5127	1.0031	0.5379
"coverage-runs/11254/ising-fit-5-3-1.json"	"2017-05-06_15-11-48"	0.5	0.5	1	0.5	0.5086	0.4964	1.0039	0.4793	1	5	3	"root"	-439966.7428	0	NA	NA	NA	NA	NA	NA	NA	NA	NA	NA	NA	NA	NA	NA	NA	NA	NA	NA	NA	NA
"coverage-runs/11254/ising-fit-5-3-1-mcmc-2386.json"	"2017-05-06_15-11-47"	0.5	0.5	1	0.5	0.5085	0.4979	1.0032	0.4766	1	5	3	"root"	NA	NA	0.5025	0.4916	0.9948	0.461	0.5059	0.4954	1.0008	0.4757	0.5078	0.4975	1.0039	0.4845	0.5096	0.4996	1.0069	0.4933	0.5126	0.5036	1.0129	0.5062
"coverage-runs/11254/ising-fit-4-2-1.json"	"2017-05-06_15-11-46"	0.5	0.5	1	0.5	0.5086	0.4962	1.0017	0.4785	1	4	2	"root"	-440126.7625	0	NA	NA	NA	NA	NA	NA	NA	NA	NA	NA	NA	NA	NA	NA	NA	NA	NA	NA	NA	NA
"coverage-runs/11254/ising-fit-4-2-1-mcmc-2386.json"	"2017-05-06_15-11-45"	0.5	0.5	1	0.5	0.5062	0.4981	1.0045	0.492	1	4	2	"root"	NA	NA	0.5032	0.4906	0.992	0.458	0.5062	0.4951	0.9986	0.4742	0.508	0.4971	1.0017	0.4819	0.5099	0.4992	1.0048	0.4908	0.5136	0.5029	1.011	0.5027
"coverage-runs/29402/ising-fit-5-3-1.json"	"2017-05-06_14-19-24"	0.5	0.5	1	0.5	0.4994	0.5044	0.9922	0.5087	1	5	3	"root"	-440617.0594	0	NA	NA	NA	NA	NA	NA	NA	NA	NA	NA	NA	NA	NA	NA	NA	NA	NA	NA	NA	NA
"coverage-runs/29402/ising-fit-5-3-1-mcmc-32738.json"	"2017-05-06_14-19-23"	0.5	0.5	1	0.5	0.5012	0.4967	0.9979	0.4899	1	5	3	"root"	NA	NA	0.4954	0.496	0.9829	0.476	0.4983	0.5003	0.9887	0.4913	0.5007	0.5028	0.9918	0.5004	0.5029	0.5057	0.9948	0.5143	0.5059	0.5098	1.0006	0.5264
"coverage-runs/29402/ising-fit-4-2-1.json"	"2017-05-06_14-19-22"	0.5	0.5	1	0.5	0.4992	0.5046	0.9911	0.5104	1	4	2	"root"	-440750.7743	0	NA	NA	NA	NA	NA	NA	NA	NA	NA	NA	NA	NA	NA	NA	NA	NA	NA	NA	NA	NA
"coverage-runs/29402/ising-fit-4-2-1-mcmc-32738.json"	"2017-05-06_14-19-21"	0.5	0.5	1	0.5	0.499	0.5051	0.9929	0.5125	1	4	2	"root"	NA	NA	0.4945	0.4989	0.982	0.4914	0.4976	0.5028	0.9881	0.5044	0.4992	0.505	0.9912	0.5113	0.5007	0.5069	0.9944	0.5182	0.5037	0.5104	1.0002	0.5292
"coverage-runs/18196/ising-fit-5-3-1.json"	"2017-05-06_13-26-28"	0.5	0.5	1	0.5	0.5061	0.4981	0.9996	0.4918	1	5	3	"root"	-440017.1358	0	NA	NA	NA	NA	NA	NA	NA	NA	NA	NA	NA	NA	NA	NA	NA	NA	NA	NA	NA	NA
"coverage-runs/18196/ising-fit-5-3-1-mcmc-13979.json"	"2017-05-06_13-26-27"	0.5	0.5	1	0.5	0.5013	0.501	1.0005	0.512	1	5	3	"root"	NA	NA	0.5023	0.4891	0.9896	0.4571	0.5057	0.4938	0.9958	0.4734	0.5076	0.4962	0.9989	0.4828	0.5095	0.4985	1.0022	0.4919	0.513	0.5028	1.0078	0.5077
"coverage-runs/18196/ising-fit-4-2-1.json"	"2017-05-06_13-26-25"	0.5	0.5	1	0.5	0.5058	0.4984	0.9996	0.494	1	4	2	"root"	-440124.6504	0	NA	NA	NA	NA	NA	NA	NA	NA	NA	NA	NA	NA	NA	NA	NA	NA	NA	NA	NA	NA
"coverage-runs/18196/ising-fit-4-2-1-mcmc-13979.json"	"2017-05-06_13-26-24"	0.5	0.5	1	0.5	0.5027	0.5016	1.0033	0.5081	1	4	2	"root"	NA	NA	0.5008	0.4919	0.9903	0.4703	0.5039	0.4963	0.9967	0.488	0.5056	0.4985	0.9998	0.4952	0.5072	0.5007	1.0029	0.5019	0.5111	0.5043	1.0086	0.5142
"coverage-runs/20587/ising-fit-5-3-1.json"	"2017-05-06_12-33-32"	0.5	0.5	1	0.5	0.5052	0.496	0.9985	0.4836	1	5	3	"root"	-439475.5851	0	NA	NA	NA	NA	NA	NA	NA	NA	NA	NA	NA	NA	NA	NA	NA	NA	NA	NA	NA	NA
"coverage-runs/20587/ising-fit-5-3-1-mcmc-6259.json"	"2017-05-06_12-33-31"	0.5	0.5	1	0.5	0.5081	0.4988	0.9944	0.4896	1	5	3	"root"	NA	NA	0.4999	0.493	0.9901	0.4741	0.5022	0.4962	0.996	0.4867	0.5037	0.4979	0.999	0.4919	0.5052	0.4997	1.0022	0.4984	0.5081	0.5031	1.0081	0.5082
"coverage-runs/20587/ising-fit-4-2-1.json"	"2017-05-06_12-33-30"	0.5	0.5	1	0.5	0.5046	0.4967	0.9965	0.4868	1	4	2	"root"	-439626.1062	0	NA	NA	NA	NA	NA	NA	NA	NA	NA	NA	NA	NA	NA	NA	NA	NA	NA	NA	NA	NA
"coverage-runs/20587/ising-fit-4-2-1-mcmc-6259.json"	"2017-05-06_12-33-29"	0.5	0.5	1	0.5	0.5035	0.4954	0.9985	0.4915	1	4	2	"root"	NA	NA	0.4987	0.4916	0.9878	0.4704	0.502	0.4954	0.9937	0.483	0.5037	0.4978	0.9967	0.4916	0.5054	0.5	0.9999	0.4985	0.509	0.5046	1.0061	0.5177
"coverage-runs/32070/ising-fit-5-3-1.json"	"2017-05-06_03-03-57"	0.5	0.5	1	0.5	0.4996	0.5083	1.0005	0.5178	1	5	3	"root"	-440199.4693	0	NA	NA	NA	NA	NA	NA	NA	NA	NA	NA	NA	NA	NA	NA	NA	NA	NA	NA	NA	NA
"coverage-runs/32070/ising-fit-5-3-1-mcmc-26311.json"	"2017-05-06_03-03-56"	0.5	0.5	1	0.5	0.4964	0.5122	1.0016	0.5354	1	5	3	"root"	NA	NA	0.4958	0.5001	0.9912	0.4863	0.4986	0.5047	0.9968	0.5044	0.5004	0.5073	1	0.5136	0.5023	0.5095	1.0031	0.5213	0.5064	0.5132	1.0093	0.5344
"coverage-runs/32070/ising-fit-4-2-1.json"	"2017-05-06_03-03-55"	0.5	0.5	1	0.5	0.499	0.5091	0.9991	0.5212	1	4	2	"root"	-440339.0567	0	NA	NA	NA	NA	NA	NA	NA	NA	NA	NA	NA	NA	NA	NA	NA	NA	NA	NA	NA	NA
"coverage-runs/32070/ising-fit-4-2-1-mcmc-26311.json"	"2017-05-06_03-03-54"	0.5	0.5	1	0.5	0.4987	0.5069	1.0023	0.509	1	4	2	"root"	NA	NA	0.4943	0.5029	0.9901	0.5008	0.497	0.5072	0.9961	0.5145	0.4987	0.5095	0.9992	0.5224	0.5004	0.5116	1.0023	0.5321	0.5037	0.5153	1.0086	0.543
"coverage-runs/26905/ising-fit-5-3-1.json"	"2017-05-06_02-11-05"	0.5	0.5	1	0.5	0.5008	0.5069	0.9887	0.5134	1	5	3	"root"	-441133.024	0	NA	NA	NA	NA	NA	NA	NA	NA	NA	NA	NA	NA	NA	NA	NA	NA	NA	NA	NA	NA
"coverage-runs/26905/ising-fit-5-3-1-mcmc-19368.json"	"2017-05-06_02-11-04"	0.5	0.5	1	0.5	0.5053	0.5003	0.9891	0.4959	1	5	3	"root"	NA	NA	0.4954	0.4978	0.9789	0.4807	0.4999	0.5017	0.9855	0.4923	0.5022	0.5047	0.9886	0.5026	0.5047	0.5087	0.9916	0.5198	0.5082	0.5149	0.9974	0.5434
"coverage-runs/26905/ising-fit-4-2-1.json"	"2017-05-06_02-11-03"	0.5	0.5	1	0.5	0.5003	0.5076	0.9876	0.517	1	4	2	"root"	-441271.8053	0	NA	NA	NA	NA	NA	NA	NA	NA	NA	NA	NA	NA	NA	NA	NA	NA	NA	NA	NA	NA
"coverage-runs/26905/ising-fit-4-2-1-mcmc-19368.json"	"2017-05-06_02-11-02"	0.5	0.5	1	0.5	0.4975	0.5104	0.994	0.5382	1	4	2	"root"	NA	NA	0.4956	0.4999	0.9786	0.489	0.4987	0.5047	0.9847	0.5063	0.5006	0.5073	0.9878	0.5157	0.5026	0.5094	0.9909	0.5254	0.5056	0.5134	0.9966	0.5376
"coverage-runs/21173/ising-fit-5-3-1.json"	"2017-05-06_01-18-07"	0.5	0.5	1	0.5	0.5011	0.4989	1.0032	0.5093	1	5	3	"root"	-438901.1524	0	NA	NA	NA	NA	NA	NA	NA	NA	NA	NA	NA	NA	NA	NA	NA	NA	NA	NA	NA	NA
"coverage-runs/21173/ising-fit-5-3-1-mcmc-5759.json"	"2017-05-06_01-18-06"	0.5	0.5	1	0.5	0.5066	0.4934	0.9985	0.4852	1	5	3	"root"	NA	NA	0.4974	0.4924	0.9932	0.4853	0.5005	0.4958	0.9996	0.4968	0.502	0.4976	1.0026	0.5027	0.5035	0.4994	1.0058	0.5111	0.506	0.5029	1.0116	0.5201
"coverage-runs/21173/ising-fit-4-2-1.json"	"2017-05-06_01-18-05"	0.5	0.5	1	0.5	0.5007	0.4994	1.0016	0.5119	1	4	2	"root"	-439041.2094	0	NA	NA	NA	NA	NA	NA	NA	NA	NA	NA	NA	NA	NA	NA	NA	NA	NA	NA	NA	NA
"coverage-runs/21173/ising-fit-4-2-1-mcmc-5759.json"	"2017-05-06_01-18-04"	0.5	0.5	1	0.5	0.5014	0.5009	0.9962	0.5164	1	4	2	"root"	NA	NA	0.4964	0.4931	0.9922	0.4897	0.4999	0.4965	0.9982	0.5005	0.5015	0.4984	1.0013	0.5071	0.503	0.5004	1.0044	0.5145	0.5058	0.5048	1.0104	0.5312
"coverage-runs/08849/ising-fit-5-3-1.json"	"2017-05-06_00-25-17"	0.5	0.5	1	0.5	0.505	0.5047	1.0025	0.5098	1	5	3	"root"	-440425.4313	0	NA	NA	NA	NA	NA	NA	NA	NA	NA	NA	NA	NA	NA	NA	NA	NA	NA	NA	NA	NA
"coverage-runs/08849/ising-fit-5-3-1-mcmc-8963.json"	"2017-05-06_00-25-16"	0.5	0.5	1	0.5	0.5039	0.5003	1.0001	0.5085	1	5	3	"root"	NA	NA	0.5006	0.4985	0.9933	0.4879	0.5037	0.5024	0.9994	0.5007	0.5054	0.5045	1.0025	0.5073	0.507	0.5065	1.0055	0.516	0.5101	0.5101	1.0115	0.5287
"coverage-runs/08849/ising-fit-4-2-1.json"	"2017-05-06_00-25-15"	0.5	0.5	1	0.5	0.5048	0.5048	1.0015	0.5107	1	4	2	"root"	-440559.4881	0	NA	NA	NA	NA	NA	NA	NA	NA	NA	NA	NA	NA	NA	NA	NA	NA	NA	NA	NA	NA
"coverage-runs/08849/ising-fit-4-2-1-mcmc-8963.json"	"2017-05-06_00-25-14"	0.5	0.5	1	0.5	0.5057	0.5021	1.0004	0.4962	1	4	2	"root"	NA	NA	0.4994	0.4993	0.9925	0.4905	0.5025	0.5033	0.9985	0.5065	0.5043	0.5053	1.0018	0.5141	0.5059	0.5076	1.0049	0.5219	0.509	0.5117	1.0105	0.5336
"coverage-runs/18200/ising-fit-5-3-1.json"	"2017-05-05_23-32-06"	0.5	0.5	1	0.5	0.5021	0.5091	0.9996	0.5163	1	5	3	"root"	-440538.8968	0	NA	NA	NA	NA	NA	NA	NA	NA	NA	NA	NA	NA	NA	NA	NA	NA	NA	NA	NA	NA
"coverage-runs/18200/ising-fit-5-3-1-mcmc-15049.json"	"2017-05-05_23-32-05"	0.5	0.5	1	0.5	0.5018	0.5113	0.9982	0.535	1	5	3	"root"	NA	NA	0.4974	0.5028	0.9906	0.49	0.5003	0.5066	0.9966	0.5071	0.5022	0.5087	0.9995	0.5156	0.504	0.5112	1.0027	0.5238	0.5075	0.5154	1.0086	0.5374
"coverage-runs/18200/ising-fit-4-2-1.json"	"2017-05-05_23-32-04"	0.5	0.5	1	0.5	0.5018	0.5094	0.9998	0.5183	1	4	2	"root"	-440627.3864	0	NA	NA	NA	NA	NA	NA	NA	NA	NA	NA	NA	NA	NA	NA	NA	NA	NA	NA	NA	NA
"coverage-runs/18200/ising-fit-4-2-1-mcmc-15049.json"	"2017-05-05_23-32-03"	0.5	0.5	1	0.5	0.4934	0.5171	0.9931	0.5493	1	4	2	"root"	NA	NA	0.4955	0.5033	0.9911	0.4948	0.4995	0.5072	0.9966	0.5097	0.5015	0.5099	0.9997	0.5205	0.5035	0.5126	1.0029	0.5299	0.5071	0.5175	1.0092	0.5505
"coverage-runs/08814/ising-fit-5-3-1.json"	"2017-05-05_22-39-19"	0.5	0.5	1	0.5	0.4974	0.5104	0.9945	0.534	1	5	3	"root"	-440702.132	0	NA	NA	NA	NA	NA	NA	NA	NA	NA	NA	NA	NA	NA	NA	NA	NA	NA	NA	NA	NA
"coverage-runs/08814/ising-fit-5-3-1-mcmc-24314.json"	"2017-05-05_22-39-18"	0.5	0.5	1	0.5	0.4965	0.5085	0.9907	0.5414	1	5	3	"root"	NA	NA	0.4922	0.5046	0.9858	0.514	0.4954	0.5088	0.9916	0.5296	0.4969	0.5112	0.9946	0.5385	0.4984	0.5134	0.9979	0.5441	0.5014	0.5175	1.0042	0.5608
"coverage-runs/08814/ising-fit-4-2-1.json"	"2017-05-05_22-39-17"	0.5	0.5	1	0.5	0.4969	0.511	0.9934	0.537	1	4	2	"root"	-440826.8626	0	NA	NA	NA	NA	NA	NA	NA	NA	NA	NA	NA	NA	NA	NA	NA	NA	NA	NA	NA	NA
"coverage-runs/08814/ising-fit-4-2-1-mcmc-24314.json"	"2017-05-05_22-39-16"	0.5	0.5	1	0.5	0.4986	0.5096	0.9921	0.5293	1	4	2	"root"	NA	NA	0.4919	0.5052	0.9842	0.5157	0.4951	0.509	0.9903	0.531	0.4969	0.5112	0.9935	0.5381	0.4985	0.5134	0.9968	0.5448	0.5016	0.5179	1.0026	0.5618
"coverage-runs/29349/ising-fit-5-3-1.json"	"2017-05-05_21-46-21"	0.5	0.5	1	0.5	0.5033	0.5069	0.9969	0.5044	1	5	3	"root"	-441214.164	0	NA	NA	NA	NA	NA	NA	NA	NA	NA	NA	NA	NA	NA	NA	NA	NA	NA	NA	NA	NA
"coverage-runs/29349/ising-fit-5-3-1-mcmc-26508.json"	"2017-05-05_21-46-20"	0.5	0.5	1	0.5	0.5049	0.5091	1.0013	0.5086	1	5	3	"root"	NA	NA	0.498	0.4998	0.9878	0.4811	0.5016	0.504	0.9938	0.4945	0.5035	0.5062	0.9969	0.5026	0.5054	0.5086	1	0.512	0.5085	0.5137	1.006	0.5312
"coverage-runs/29349/ising-fit-4-2-1.json"	"2017-05-05_21-46-19"	0.5	0.5	1	0.5	0.5028	0.5075	0.995	0.5075	1	4	2	"root"	-441360.5994	0	NA	NA	NA	NA	NA	NA	NA	NA	NA	NA	NA	NA	NA	NA	NA	NA	NA	NA	NA	NA
"coverage-runs/29349/ising-fit-4-2-1-mcmc-26508.json"	"2017-05-05_21-46-18"	0.5	0.5	1	0.5	0.5018	0.507	0.9903	0.5057	1	4	2	"root"	NA	NA	0.4962	0.501	0.9856	0.4812	0.5003	0.5053	0.9918	0.4994	0.5026	0.5078	0.9949	0.5079	0.5046	0.5104	0.9981	0.5194	0.5089	0.5163	1.0047	0.5398
"coverage-runs/01540/ising-fit-5-3-1.json"	"2017-05-05_20-53-20"	0.5	0.5	1	0.5	0.5014	0.5061	1.0015	0.5131	1	5	3	"root"	-439970.5481	0	NA	NA	NA	NA	NA	NA	NA	NA	NA	NA	NA	NA	NA	NA	NA	NA	NA	NA	NA	NA
"coverage-runs/01540/ising-fit-5-3-1-mcmc-29588.json"	"2017-05-05_20-53-19"	0.5	0.5	1	0.5	0.5008	0.5114	1.0086	0.5215	1	5	3	"root"	NA	NA	0.4962	0.5015	0.9934	0.501	0.4994	0.5049	0.9989	0.5109	0.5009	0.5069	1.002	0.517	0.5024	0.5087	1.0051	0.5233	0.5052	0.5121	1.0109	0.5358
"coverage-runs/01540/ising-fit-4-2-1.json"	"2017-05-05_20-53-18"	0.5	0.5	1	0.5	0.5011	0.5064	0.9995	0.5149	1	4	2	"root"	-440125.4448	0	NA	NA	NA	NA	NA	NA	NA	NA	NA	NA	NA	NA	NA	NA	NA	NA	NA	NA	NA	NA
"coverage-runs/01540/ising-fit-4-2-1-mcmc-29588.json"	"2017-05-05_20-53-17"	0.5	0.5	1	0.5	0.4979	0.5105	0.9977	0.5215	1	4	2	"root"	NA	NA	0.4961	0.5008	0.9905	0.4917	0.4987	0.5055	0.9966	0.5131	0.5003	0.5075	0.9996	0.5199	0.502	0.5093	1.0028	0.5261	0.5059	0.5127	1.0083	0.5343
"coverage-runs/29793/ising-fit-5-3-1.json"	"2017-05-05_20-00-10"	0.5	0.5	1	0.5	0.4998	0.5054	0.9958	0.5125	1	5	3	"root"	-440062.8437	0	NA	NA	NA	NA	NA	NA	NA	NA	NA	NA	NA	NA	NA	NA	NA	NA	NA	NA	NA	NA
"coverage-runs/29793/ising-fit-5-3-1-mcmc-27013.json"	"2017-05-05_20-00-09"	0.5	0.5	1	0.5	0.5022	0.5067	1.0016	0.513	1	5	3	"root"	NA	NA	0.4946	0.501	0.987	0.4996	0.4975	0.5043	0.9927	0.5096	0.499	0.5064	0.9959	0.5173	0.5005	0.5086	0.9991	0.5246	0.5032	0.5127	1.0051	0.5374
"coverage-runs/29793/ising-fit-4-2-1.json"	"2017-05-05_20-00-08"	0.5	0.5	1	0.5	0.4995	0.5056	0.9945	0.5138	1	4	2	"root"	-440203.3299	0	NA	NA	NA	NA	NA	NA	NA	NA	NA	NA	NA	NA	NA	NA	NA	NA	NA	NA	NA	NA
"coverage-runs/29793/ising-fit-4-2-1-mcmc-27013.json"	"2017-05-05_20-00-07"	0.5	0.5	1	0.5	0.498	0.5105	0.9931	0.5298	1	4	2	"root"	NA	NA	0.4935	0.4993	0.9857	0.4929	0.4977	0.5032	0.9917	0.5028	0.4997	0.5056	0.9948	0.5133	0.5015	0.5081	0.9979	0.5235	0.5044	0.5131	1.0034	0.5442
"coverage-runs/00499/ising-fit-5-3-1.json"	"2017-05-05_19-06-56"	0.5	0.5	1	0.5	0.5031	0.5024	0.998	0.5002	1	5	3	"root"	-440192.4305	0	NA	NA	NA	NA	NA	NA	NA	NA	NA	NA	NA	NA	NA	NA	NA	NA	NA	NA	NA	NA
"coverage-runs/00499/ising-fit-5-3-1-mcmc-13993.json"	"2017-05-05_19-06-55"	0.5	0.5	1	0.5	0.4971	0.5048	0.9965	0.5211	1	5	3	"root"	NA	NA	0.4974	0.4977	0.9894	0.4846	0.5003	0.5014	0.9952	0.4977	0.502	0.5035	0.9983	0.5052	0.5037	0.5059	1.0015	0.5148	0.5068	0.51	1.0073	0.5272
"coverage-runs/00499/ising-fit-4-2-1.json"	"2017-05-05_19-06-54"	0.5	0.5	1	0.5	0.5024	0.5034	0.9968	0.505	1	4	2	"root"	-440332.85	0	NA	NA	NA	NA	NA	NA	NA	NA	NA	NA	NA	NA	NA	NA	NA	NA	NA	NA	NA	NA
"coverage-runs/00499/ising-fit-4-2-1-mcmc-13993.json"	"2017-05-05_19-06-53"	0.5	0.5	1	0.5	0.5017	0.5052	1.0009	0.5185	1	4	2	"root"	NA	NA	0.497	0.4949	0.9878	0.4709	0.5	0.5017	0.9938	0.5002	0.5018	0.5042	0.9972	0.5098	0.5039	0.5063	1.0004	0.5167	0.5088	0.5095	1.0065	0.5265
"coverage-runs/25012/ising-fit-5-3-1.json"	"2017-05-05_18-14-01"	0.5	0.5	1	0.5	0.5003	0.5104	0.9959	0.523	1	5	3	"root"	-440951.8114	0	NA	NA	NA	NA	NA	NA	NA	NA	NA	NA	NA	NA	NA	NA	NA	NA	NA	NA	NA	NA
"coverage-runs/25012/ising-fit-5-3-1-mcmc-14849.json"	"2017-05-05_18-14-00"	0.5	0.5	1	0.5	0.4982	0.5146	0.9937	0.5402	1	5	3	"root"	NA	NA	0.4953	0.5039	0.9864	0.4971	0.4984	0.5077	0.9925	0.5117	0.5003	0.5103	0.9959	0.5224	0.5024	0.5128	0.9989	0.533	0.506	0.5176	1.0049	0.5446
"coverage-runs/25012/ising-fit-4-2-1.json"	"2017-05-05_18-13-59"	0.5	0.5	1	0.5	0.4999	0.5108	0.9946	0.5252	1	4	2	"root"	-441084.2464	0	NA	NA	NA	NA	NA	NA	NA	NA	NA	NA	NA	NA	NA	NA	NA	NA	NA	NA	NA	NA
"coverage-runs/25012/ising-fit-4-2-1-mcmc-14849.json"	"2017-05-05_18-13-58"	0.5	0.5	1	0.5	0.4985	0.51	0.9939	0.5209	1	4	2	"root"	NA	NA	0.4948	0.5032	0.9856	0.4936	0.498	0.5084	0.9918	0.5158	0.4998	0.5111	0.9949	0.5267	0.5018	0.5137	0.9979	0.5352	0.5057	0.518	1.0038	0.551
"coverage-runs/24136/ising-fit-5-3-1.json"	"2017-05-05_17-20-52"	0.5	0.5	1	0.5	0.4963	0.5096	0.9951	0.5304	1	5	3	"root"	-440650.546	0	NA	NA	NA	NA	NA	NA	NA	NA	NA	NA	NA	NA	NA	NA	NA	NA	NA	NA	NA	NA
"coverage-runs/24136/ising-fit-5-3-1-mcmc-24192.json"	"2017-05-05_17-20-51"	0.5	0.5	1	0.5	0.4951	0.5107	0.9888	0.5425	1	5	3	"root"	NA	NA	0.4918	0.5038	0.986	0.5138	0.4949	0.5073	0.992	0.5221	0.4965	0.5096	0.9952	0.5294	0.498	0.5118	0.9982	0.5381	0.5007	0.5152	1.0038	0.5507
"coverage-runs/24136/ising-fit-4-2-1.json"	"2017-05-05_17-20-50"	0.5	0.5	1	0.5	0.4961	0.5097	0.9936	0.5316	1	4	2	"root"	-440797.5295	0	NA	NA	NA	NA	NA	NA	NA	NA	NA	NA	NA	NA	NA	NA	NA	NA	NA	NA	NA	NA
"coverage-runs/24136/ising-fit-4-2-1-mcmc-24192.json"	"2017-05-05_17-20-49"	0.5	0.5	1	0.5	0.4957	0.5105	0.9978	0.5356	1	4	2	"root"	NA	NA	0.4914	0.504	0.985	0.5138	0.4942	0.5078	0.9909	0.5247	0.4958	0.5102	0.994	0.5345	0.4976	0.5125	0.9971	0.5417	0.5007	0.5161	1.0029	0.5503
"coverage-runs/22555/ising-fit-5-3-1.json"	"2017-05-04_05-21-07"	0.5	0.5	1	0.5	0.4997	0.5093	0.9922	0.5189	1	5	3	"root"	-440734.6151	0	NA	NA	NA	NA	NA	NA	NA	NA	NA	NA	NA	NA	NA	NA	NA	NA	NA	NA	NA	NA
"coverage-runs/22555/ising-fit-5-3-1-mcmc-24820.json"	"2017-05-04_05-21-06"	0.5	0.5	1	0.5	0.4994	0.5067	0.987	0.5111	1	5	3	"root"	NA	NA	0.4946	0.503	0.9837	0.4975	0.4975	0.508	0.9892	0.5153	0.4991	0.5102	0.9923	0.5216	0.5008	0.5124	0.9955	0.5295	0.504	0.5159	1.0014	0.5438
"coverage-runs/22555/ising-fit-4-2-1.json"	"2017-05-04_05-21-05"	0.5	0.5	1	0.5	0.4995	0.5094	0.991	0.52	1	4	2	"root"	-440865.7478	0	NA	NA	NA	NA	NA	NA	NA	NA	NA	NA	NA	NA	NA	NA	NA	NA	NA	NA	NA	NA
"coverage-runs/22555/ising-fit-4-2-1-mcmc-24820.json"	"2017-05-04_05-21-04"	0.5	0.5	1	0.5	0.4946	0.5145	0.9957	0.5494	1	4	2	"root"	NA	NA	0.494	0.5038	0.9824	0.5018	0.4973	0.5078	0.9881	0.5138	0.4991	0.51	0.9912	0.5228	0.5009	0.5128	0.9943	0.5317	0.504	0.5174	1.0001	0.5487
"coverage-runs/29039/ising-fit-5-3-1.json"	"2017-05-04_05-20-42"	0.5	0.5	1	0.5	0.4974	0.5078	1.007	0.5299	1	5	3	"root"	-439173.4639	0	NA	NA	NA	NA	NA	NA	NA	NA	NA	NA	NA	NA	NA	NA	NA	NA	NA	NA	NA	NA
"coverage-runs/29039/ising-fit-5-3-1-mcmc-31445.json"	"2017-05-04_05-20-40"	0.5	0.5	1	0.5	0.4965	0.5082	1.0029	0.5256	1	5	3	"root"	NA	NA	0.493	0.5	0.9977	0.5026	0.496	0.5043	1.0035	0.5151	0.4979	0.507	1.0066	0.5268	0.5	0.5096	1.0098	0.5367	0.5032	0.5135	1.0158	0.548
"coverage-runs/29039/ising-fit-4-2-1.json"	"2017-05-04_05-20-38"	0.5	0.5	1	0.5	0.497	0.5082	1.0066	0.5325	1	4	2	"root"	-439289.7823	0	NA	NA	NA	NA	NA	NA	NA	NA	NA	NA	NA	NA	NA	NA	NA	NA	NA	NA	NA	NA
"coverage-runs/29039/ising-fit-4-2-1-mcmc-31445.json"	"2017-05-04_05-20-36"	0.5	0.5	1	0.5	0.4974	0.5094	1.0048	0.5353	1	4	2	"root"	NA	NA	0.4922	0.5026	0.9974	0.5127	0.4949	0.5066	1.0034	0.5286	0.4965	0.5092	1.0066	0.537	0.4982	0.5112	1.0098	0.5433	0.5015	0.5148	1.0158	0.554
"coverage-runs/01689/ising-fit-5-3-1.json"	"2017-05-04_05-16-28"	0.5	0.5	1	0.5	0.5008	0.5035	1.0014	0.5172	1	5	3	"root"	-439720.5854	0	NA	NA	NA	NA	NA	NA	NA	NA	NA	NA	NA	NA	NA	NA	NA	NA	NA	NA	NA	NA
"coverage-runs/01689/ising-fit-5-3-1-mcmc-23661.json"	"2017-05-04_05-16-25"	0.5	0.5	1	0.5	0.5004	0.5057	1.0017	0.5135	1	5	3	"root"	NA	NA	0.4949	0.4972	0.9921	0.4934	0.4991	0.5012	0.9982	0.5081	0.5009	0.5033	1.0011	0.5152	0.5026	0.5056	1.0042	0.5232	0.5057	0.5112	1.0103	0.5467
"coverage-runs/01689/ising-fit-4-2-1.json"	"2017-05-04_05-16-22"	0.5	0.5	1	0.5	0.5004	0.5039	0.9998	0.5194	1	4	2	"root"	-439863.0985	0	NA	NA	NA	NA	NA	NA	NA	NA	NA	NA	NA	NA	NA	NA	NA	NA	NA	NA	NA	NA
"coverage-runs/01689/ising-fit-4-2-1-mcmc-23661.json"	"2017-05-04_05-16-19"	0.5	0.5	1	0.5	0.4986	0.5055	0.996	0.5287	1	4	2	"root"	NA	NA	0.4959	0.4983	0.9902	0.501	0.499	0.5019	0.9965	0.5119	0.5007	0.5038	0.9996	0.5175	0.5022	0.5058	1.0026	0.5249	0.5048	0.5099	1.0087	0.5395
"coverage-runs/18044/ising-fit-5-3-1.json"	"2017-05-03_22-38-05"	0.5	0.5	1	0.5	0.497	0.5093	0.9873	0.5223	1	5	3	"root"	-441038.0103	0	NA	NA	NA	NA	NA	NA	NA	NA	NA	NA	NA	NA	NA	NA	NA	NA	NA	NA	NA	NA
"coverage-runs/18044/ising-fit-5-3-1-mcmc-26966.json"	"2017-05-03_22-38-04"	0.5	0.5	1	0.5	0.4995	0.503	0.9832	0.5013	1	5	3	"root"	NA	NA	0.4907	0.5033	0.9785	0.5019	0.4948	0.5072	0.9839	0.5135	0.4968	0.5095	0.9872	0.5233	0.4987	0.5122	0.9903	0.533	0.5018	0.5171	0.9961	0.5543
"coverage-runs/18044/ising-fit-4-2-1.json"	"2017-05-03_22-38-03"	0.5	0.5	1	0.5	0.4969	0.5093	0.9871	0.523	1	4	2	"root"	-441143.6122	0	NA	NA	NA	NA	NA	NA	NA	NA	NA	NA	NA	NA	NA	NA	NA	NA	NA	NA	NA	NA
"coverage-runs/18044/ising-fit-4-2-1-mcmc-26966.json"	"2017-05-03_22-38-02"	0.5	0.5	1	0.5	0.5015	0.5124	0.9832	0.5122	1	4	2	"root"	NA	NA	0.4918	0.5037	0.9779	0.5042	0.4946	0.5081	0.9839	0.5189	0.4963	0.5103	0.9869	0.5272	0.498	0.5124	0.9902	0.5351	0.5011	0.5163	0.9961	0.5457
"coverage-runs/01518/ising-fit-5-3-1.json"	"2017-05-03_22-37-51"	0.5	0.5	1	0.5	0.4979	0.5051	0.9903	0.5183	1	5	3	"root"	-440381.6933	0	NA	NA	NA	NA	NA	NA	NA	NA	NA	NA	NA	NA	NA	NA	NA	NA	NA	NA	NA	NA
"coverage-runs/01518/ising-fit-5-3-1-mcmc-3139.json"	"2017-05-03_22-37-50"	0.5	0.5	1	0.5	0.4989	0.5074	0.9921	0.5198	1	5	3	"root"	NA	NA	0.4939	0.4991	0.9816	0.4984	0.4966	0.5029	0.9871	0.51	0.4981	0.5046	0.9901	0.5173	0.4997	0.5065	0.9932	0.523	0.5028	0.51	0.999	0.534
"coverage-runs/01518/ising-fit-4-2-1.json"	"2017-05-03_22-37-48"	0.5	0.5	1	0.5	0.4975	0.5054	0.9892	0.5205	1	4	2	"root"	-440514.8983	0	NA	NA	NA	NA	NA	NA	NA	NA	NA	NA	NA	NA	NA	NA	NA	NA	NA	NA	NA	NA
"coverage-runs/01518/ising-fit-4-2-1-mcmc-3139.json"	"2017-05-03_22-37-47"	0.5	0.5	1	0.5	0.4988	0.5039	0.9901	0.5186	1	4	2	"root"	NA	NA	0.4948	0.497	0.9797	0.4929	0.4979	0.501	0.9858	0.5036	0.4995	0.5027	0.989	0.5091	0.501	0.5045	0.9922	0.5149	0.5038	0.5085	0.9976	0.5293
"coverage-runs/30847/ising-fit-5-3-1.json"	"2017-05-03_22-37-21"	0.5	0.5	1	0.5	0.5029	0.5035	0.9966	0.4998	1	5	3	"root"	-440478.5643	0	NA	NA	NA	NA	NA	NA	NA	NA	NA	NA	NA	NA	NA	NA	NA	NA	NA	NA	NA	NA
"coverage-runs/30847/ising-fit-5-3-1-mcmc-23332.json"	"2017-05-03_22-37-18"	0.5	0.5	1	0.5	0.5032	0.5076	0.9959	0.495	1	5	3	"root"	NA	NA	0.4977	0.4971	0.988	0.4794	0.501	0.5015	0.9937	0.4923	0.5028	0.5037	0.9967	0.4999	0.5045	0.5059	0.9998	0.5085	0.507	0.5097	1.0058	0.5213
"coverage-runs/30847/ising-fit-4-2-1.json"	"2017-05-03_22-37-15"	0.5	0.5	1	0.5	0.5029	0.5034	0.9952	0.4999	1	4	2	"root"	-440608.1997	0	NA	NA	NA	NA	NA	NA	NA	NA	NA	NA	NA	NA	NA	NA	NA	NA	NA	NA	NA	NA
"coverage-runs/30847/ising-fit-4-2-1-mcmc-23332.json"	"2017-05-03_22-37-12"	0.5	0.5	1	0.5	0.4998	0.5063	0.9984	0.5111	1	4	2	"root"	NA	NA	0.4966	0.5008	0.9868	0.4938	0.4996	0.5038	0.9924	0.5029	0.5012	0.5057	0.9957	0.5101	0.5027	0.5078	0.9988	0.5164	0.5054	0.5113	1.0049	0.5285
"coverage-runs/24528/ising-fit-5-3-1.json"	"2017-05-03_22-34-35"	0.5	0.5	1	0.5	0.507	0.5018	1.0014	0.4916	1	5	3	"root"	-441014.5242	0	NA	NA	NA	NA	NA	NA	NA	NA	NA	NA	NA	NA	NA	NA	NA	NA	NA	NA	NA	NA
"coverage-runs/24528/ising-fit-5-3-1-mcmc-22436.json"	"2017-05-03_22-34-31"	0.5	0.5	1	0.5	0.5091	0.5015	0.9973	0.4905	1	5	3	"root"	NA	NA	0.5012	0.4945	0.9924	0.4634	0.5044	0.5008	0.9985	0.4877	0.5062	0.503	1.0015	0.4975	0.5081	0.505	1.0044	0.5036	0.5126	0.5091	1.0103	0.5202
"coverage-runs/24528/ising-fit-4-2-1.json"	"2017-05-03_22-34-27"	0.5	0.5	1	0.5	0.507	0.5017	1.0007	0.4919	1	4	2	"root"	-441128.4477	0	NA	NA	NA	NA	NA	NA	NA	NA	NA	NA	NA	NA	NA	NA	NA	NA	NA	NA	NA	NA
"coverage-runs/24528/ising-fit-4-2-1-mcmc-22436.json"	"2017-05-03_22-34-23"	0.5	0.5	1	0.5	0.5065	0.4987	0.9988	0.4865	1	4	2	"root"	NA	NA	0.5022	0.4966	0.9918	0.4762	0.505	0.5001	0.9977	0.4876	0.5067	0.5022	1.0008	0.4949	0.5084	0.5042	1.0039	0.5011	0.5113	0.5077	1.0103	0.5141
"coverage-runs/30031/ising-fit-5-3-1.json"	"2017-05-03_15-36-23"	0.5	0.5	1	0.5	0.4983	0.5057	0.988	0.5238	1	5	3	"root"	-440645.8028	0	NA	NA	NA	NA	NA	NA	NA	NA	NA	NA	NA	NA	NA	NA	NA	NA	NA	NA	NA	NA
"coverage-runs/30031/ising-fit-5-3-1-mcmc-4059.json"	"2017-05-03_15-36-22"	0.5	0.5	1	0.5	0.4961	0.5113	0.9835	0.5336	1	5	3	"root"	NA	NA	0.4927	0.5015	0.9794	0.5099	0.4959	0.5049	0.9852	0.522	0.4974	0.5068	0.9882	0.5285	0.499	0.5088	0.9913	0.535	0.5021	0.513	0.9972	0.5531
"coverage-runs/30031/ising-fit-4-2-1.json"	"2017-05-03_15-36-21"	0.5	0.5	1	0.5	0.4978	0.5061	0.9859	0.526	1	4	2	"root"	-440792.1638	0	NA	NA	NA	NA	NA	NA	NA	NA	NA	NA	NA	NA	NA	NA	NA	NA	NA	NA	NA	NA
"coverage-runs/30031/ising-fit-4-2-1-mcmc-4059.json"	"2017-05-03_15-36-20"	0.5	0.5	1	0.5	0.4954	0.5065	0.99	0.5368	1	4	2	"root"	NA	NA	0.4925	0.5014	0.9772	0.5113	0.4954	0.5053	0.9832	0.5242	0.4969	0.5075	0.9862	0.5318	0.4985	0.5094	0.9891	0.5386	0.5019	0.5127	0.9949	0.5498
