"sim:A->T"	"sim:T->A"	"sim:C->G"	"sim:G->C"	"sim:A->C"	"sim:T->G"	"sim:A->G"	"sim:T->C"	"sim:C->A"	"sim:G->T"	"sim:C->T"	"sim:G->A"	"sim:CG->TG|CG->CA"	"sim:C|G"	"sim:Ne"	"fit:A->T"	"fit:T->A"	"fit:C->G"	"fit:G->C"	"fit:A->C"	"fit:T->G"	"fit:A->G"	"fit:T->C"	"fit:C->A"	"fit:G->T"	"fit:C->T"	"fit:G->A"	"fit:CG->TG|CG->CA"	"fit:C|G"	"fit:Ne"	"leftwin"	"longwin"	"shortwin"	"rowtaxon"	"loglik"	"convergence"
0.01	0.01	0.015	0.015	0.008	0.008	0.008	0.008	0.012	0.012	0.012	0.012	0.04	0.001	1000	0.009	0.0101	0.016	0.015	0.0077	0.0081	0.0081	0.008	0.0129	0.0126	0.0113	0.0117	0.0398	0.001	999.6259	1	3	1	"root"	-18669.4797	0
0.01	0.01	0.015	0.015	0.008	0.008	0.008	0.008	0.012	0.012	0.012	0.012	0.04	0.001	1000	0.009	0.0101	0.0159	0.015	0.0077	0.008	0.008	0.0078	0.0131	0.0128	0.0111	0.0117	0.0397	0.001	999.4408	1	4	2	"root"	-37335.9273	0
0.01	0.01	0.015	0.015	0.008	0.008	0.008	0.008	0.012	0.012	0.012	0.012	0.04	0.001	1000	0.009	0.0101	0.016	0.015	0.0077	0.0081	0.0081	0.008	0.0129	0.0126	0.0113	0.0117	0.0398	0.001	999.6072	1	5	3	"root"	-56002.6132	0
0.01	0.01	0.015	0.015	0.008	0.008	0.008	0.008	0.012	0.012	0.012	0.012	0.04	0.001	1000	0.0091	0.0101	0.0159	0.015	0.0077	0.008	0.008	0.0079	0.0131	0.0128	0.0111	0.0117	0.0397	0.001	999.4232	2	6	2	"root"	-37335.7667	0
0.01	0.01	0.015	0.015	0.008	0.008	0.008	0.008	0.012	0.012	0.012	0.012	0.04	0.001	1000	0.0094	0.0099	0.0145	0.0157	0.0084	0.0076	0.0073	0.0085	0.0132	0.0099	0.0137	0.0132	0.0393	0.001	999.3478	1	3	1	"root"	-18617.4118	0
0.01	0.01	0.015	0.015	0.008	0.008	0.008	0.008	0.012	0.012	0.012	0.012	0.04	0.001	1000	0.0094	0.0099	0.0144	0.0158	0.0083	0.0077	0.0072	0.0085	0.0132	0.0098	0.0137	0.0133	0.0393	0.001	999.3374	1	4	2	"root"	-37228.2179	0
0.01	0.01	0.015	0.015	0.008	0.008	0.008	0.008	0.012	0.012	0.012	0.012	0.04	0.001	1000	0.0096	0.0099	0.0144	0.0158	0.0084	0.0076	0.0073	0.0085	0.0131	0.0099	0.0135	0.0131	0.0394	0.001	999.4762	1	5	3	"root"	-55839.1779	0
0.01	0.01	0.015	0.015	0.008	0.008	0.008	0.008	0.012	0.012	0.012	0.012	0.04	0.001	1000	0.0096	0.0099	0.0143	0.0158	0.0083	0.0076	0.0072	0.0085	0.0129	0.0101	0.0133	0.0129	0.0396	0.001	999.5766	2	6	2	"root"	-37223.8471	0
0.01	0.01	0.015	0.015	0.008	0.008	0.008	0.008	0.012	0.012	0.012	0.012	0.04	0.001	1000	0.0101	0.0096	0.0139	0.0172	0.0077	0.0072	0.0077	0.0081	0.0146	0.011	0.0113	0.0115	0.0397	0.001	999.5081	1	3	1	"root"	-18487.6732	0
0.01	0.01	0.015	0.015	0.008	0.008	0.008	0.008	0.012	0.012	0.012	0.012	0.04	0.001	1000	0.0101	0.0096	0.0139	0.0171	0.0078	0.0073	0.0077	0.008	0.0145	0.011	0.0114	0.0116	0.0396	0.001	999.5311	1	4	2	"root"	-36976.5596	0
0.01	0.01	0.015	0.015	0.008	0.008	0.008	0.008	0.012	0.012	0.012	0.012	0.04	0.001	1000	0.0101	0.0096	0.014	0.0172	0.0077	0.0072	0.0077	0.008	0.0148	0.0109	0.0114	0.0116	0.0395	0.001	999.4592	1	5	3	"root"	-55465.1897	0
0.01	0.01	0.015	0.015	0.008	0.008	0.008	0.008	0.012	0.012	0.012	0.012	0.04	0.001	1000	0.0101	0.0095	0.0139	0.0173	0.0077	0.0071	0.0077	0.008	0.0146	0.011	0.0114	0.0116	0.0396	0.001	999.5098	2	6	2	"root"	-36976.4723	0
0.01	0.01	0.015	0.015	0.008	0.008	0.008	0.008	0.012	0.012	0.012	0.012	0.04	0.001	1000	0.01	0.0107	0.0142	0.0154	0.0087	0.0081	0.0078	0.0079	0.0111	0.0122	0.0109	0.0111	0.0408	0.001	996.0927	1	3	1	"root"	-18738.41	0
0.01	0.01	0.015	0.015	0.008	0.008	0.008	0.008	0.012	0.012	0.012	0.012	0.04	0.001	1000	0.01	0.0107	0.0141	0.0154	0.0088	0.0081	0.0079	0.0079	0.011	0.0122	0.0105	0.0109	0.0411	0.001	995.8949	1	4	2	"root"	-37466.8102	0
0.01	0.01	0.015	0.015	0.008	0.008	0.008	0.008	0.012	0.012	0.012	0.012	0.04	0.001	1000	0.0099	0.0109	0.0146	0.0152	0.0088	0.0081	0.008	0.008	0.0109	0.0118	0.0102	0.0106	0.0414	0.001	995.5996	1	5	3	"root"	-56194.3467	1
0.01	0.01	0.015	0.015	0.008	0.008	0.008	0.008	0.012	0.012	0.012	0.012	0.04	0.001	1000	0.0099	0.011	0.0145	0.0153	0.0086	0.0079	0.0077	0.0078	0.0118	0.0121	0.0117	0.0118	0.0402	0.001	997.7505	2	6	2	"root"	-37468.0403	0
0.01	0.01	0.015	0.015	0.008	0.008	0.008	0.008	0.012	0.012	0.012	0.012	0.04	0.001	1000	0.0107	0.0093	0.015	0.0159	0.0072	0.0077	0.0078	0.0077	0.014	0.0144	0.0125	0.0102	0.0388	0.001	999.5609	1	3	1	"root"	-18541.7082	0
0.01	0.01	0.015	0.015	0.008	0.008	0.008	0.008	0.012	0.012	0.012	0.012	0.04	0.001	1000	0.0106	0.0094	0.015	0.0158	0.0071	0.0075	0.0078	0.0076	0.0142	0.0146	0.0125	0.0102	0.0387	0.0011	999.3275	1	4	2	"root"	-37080.0729	0
0.01	0.01	0.015	0.015	0.008	0.008	0.008	0.008	0.012	0.012	0.012	0.012	0.04	0.001	1000	0.0104	0.0096	0.015	0.0154	0.0071	0.0074	0.0075	0.0075	0.0149	0.0153	0.013	0.0105	0.0379	0.0011	999.1061	1	5	3	"root"	-55616.6434	1
0.01	0.01	0.015	0.015	0.008	0.008	0.008	0.008	0.012	0.012	0.012	0.012	0.04	0.001	1000	0.0107	0.0093	0.015	0.0159	0.0072	0.0077	0.0078	0.0077	0.0141	0.0145	0.0124	0.0102	0.0387	0.001	999.5938	2	6	2	"root"	-37080.5209	0
0.01	0.01	0.015	0.015	0.008	0.008	0.008	0.008	0.012	0.012	0.012	0.012	0.04	0.001	1000	0.01	0.0099	0.0152	0.015	0.0076	0.0079	0.0087	0.0083	0.012	0.0121	0.012	0.012	0.04	0.001	999.9809	1	3	1	"root"	-18807.7904	0
0.01	0.01	0.015	0.015	0.008	0.008	0.008	0.008	0.012	0.012	0.012	0.012	0.04	0.001	1000	0.0099	0.0097	0.0155	0.0151	0.0078	0.008	0.0088	0.0084	0.0119	0.0121	0.0121	0.012	0.0401	9e-04	999.921	1	4	2	"root"	-37613.7596	0
0.01	0.01	0.015	0.015	0.008	0.008	0.008	0.008	0.012	0.012	0.012	0.012	0.04	0.001	1000	0.0099	0.0097	0.0155	0.0151	0.0078	0.008	0.0088	0.0084	0.0119	0.0121	0.0121	0.012	0.0401	9e-04	999.9207	1	5	3	"root"	-56419.9308	0
0.01	0.01	0.015	0.015	0.008	0.008	0.008	0.008	0.012	0.012	0.012	0.012	0.04	0.001	1000	0.0099	0.0097	0.0155	0.0151	0.0078	0.008	0.0088	0.0084	0.0119	0.0121	0.0121	0.012	0.0401	9e-04	999.921	2	6	2	"root"	-37613.6213	0
0.01	0.01	0.015	0.015	0.008	0.008	0.008	0.008	0.012	0.012	0.012	0.012	0.04	0.001	1000	0.0101	0.0095	0.0141	0.0165	0.008	0.0073	0.0079	0.0081	0.0128	0.0117	0.0123	0.0114	0.0398	0.001	999.7353	1	3	1	"root"	-18535.4264	0
0.01	0.01	0.015	0.015	0.008	0.008	0.008	0.008	0.012	0.012	0.012	0.012	0.04	0.001	1000	0.0101	0.0096	0.0141	0.0166	0.0079	0.0073	0.0078	0.0081	0.0133	0.0117	0.0124	0.0111	0.0397	0.001	999.5553	1	4	2	"root"	-37069.029	0
0.01	0.01	0.015	0.015	0.008	0.008	0.008	0.008	0.012	0.012	0.012	0.012	0.04	0.001	1000	0.0101	0.0095	0.0142	0.0165	0.0079	0.0073	0.0078	0.008	0.0135	0.0117	0.0126	0.0111	0.0396	0.001	999.3132	1	5	3	"root"	-55602.4296	0
0.01	0.01	0.015	0.015	0.008	0.008	0.008	0.008	0.012	0.012	0.012	0.012	0.04	0.001	1000	0.0101	0.0096	0.0141	0.0166	0.008	0.0074	0.0079	0.0082	0.0132	0.0117	0.0124	0.0112	0.0398	0.001	999.6177	2	6	2	"root"	-37068.9801	0
0.01	0.01	0.015	0.015	0.008	0.008	0.008	0.008	0.012	0.012	0.012	0.012	0.04	0.001	1000	0.0092	0.0099	0.0137	0.0154	0.0082	0.0075	0.0086	0.0078	0.0124	0.0136	0.013	0.0111	0.0393	0.001	999.2543	1	3	1	"root"	-18632.6116	0
0.01	0.01	0.015	0.015	0.008	0.008	0.008	0.008	0.012	0.012	0.012	0.012	0.04	0.001	1000	0.0092	0.0099	0.0137	0.0154	0.0081	0.0075	0.0088	0.0078	0.0123	0.0133	0.0127	0.0113	0.0395	0.001	999.4622	1	4	2	"root"	-37261.9499	0
0.01	0.01	0.015	0.015	0.008	0.008	0.008	0.008	0.012	0.012	0.012	0.012	0.04	0.001	1000	0.0091	0.0099	0.0138	0.0154	0.0082	0.0075	0.0088	0.0078	0.0122	0.013	0.0126	0.0114	0.0397	0.001	999.6191	1	5	3	"root"	-55891.4506	0
0.01	0.01	0.015	0.015	0.008	0.008	0.008	0.008	0.012	0.012	0.012	0.012	0.04	0.001	1000	0.0092	0.0099	0.0137	0.0154	0.0081	0.0075	0.0087	0.0078	0.0123	0.0133	0.0127	0.0112	0.0395	0.001	999.4626	2	6	2	"root"	-37261.8292	0
0.01	0.01	0.015	0.015	0.008	0.008	0.008	0.008	0.012	0.012	0.012	0.012	0.04	0.001	1000	0.0093	0.0089	0.0132	0.0162	0.0086	0.0083	0.0075	0.008	0.0119	0.0115	0.0123	0.012	0.0401	0.001	999.7593	1	3	1	"root"	-18438.3383	0
0.01	0.01	0.015	0.015	0.008	0.008	0.008	0.008	0.012	0.012	0.012	0.012	0.04	0.001	1000	0.0093	0.0088	0.0134	0.016	0.0086	0.0083	0.0075	0.008	0.012	0.0117	0.0122	0.012	0.0401	0.001	999.8723	1	4	2	"root"	-36871.2001	0
0.01	0.01	0.015	0.015	0.008	0.008	0.008	0.008	0.012	0.012	0.012	0.012	0.04	0.001	1000	0.0092	0.0087	0.0134	0.0161	0.0086	0.0083	0.0076	0.008	0.012	0.0117	0.0122	0.012	0.0401	0.001	999.8784	1	5	3	"root"	-55304.007	0
0.01	0.01	0.015	0.015	0.008	0.008	0.008	0.008	0.012	0.012	0.012	0.012	0.04	0.001	1000	0.0093	0.0089	0.0131	0.0163	0.0085	0.0083	0.0075	0.008	0.0119	0.0114	0.0123	0.0119	0.0401	0.001	999.7508	2	6	2	"root"	-36870.7493	0
0.01	0.01	0.015	0.015	0.008	0.008	0.008	0.008	0.012	0.012	0.012	0.012	0.04	0.001	1000	0.0097	0.0094	0.0141	0.0155	0.0083	0.0076	0.0084	0.0085	0.0093	0.0117	0.0101	0.0115	0.0416	0.001	992.0012	1	3	1	"root"	-18436.0855	0
0.01	0.01	0.015	0.015	0.008	0.008	0.008	0.008	0.012	0.012	0.012	0.012	0.04	0.001	1000	0.0098	0.0094	0.0143	0.0154	0.0084	0.0076	0.0083	0.0083	0.0088	0.0114	0.0095	0.0111	0.0421	0.001	989.2037	1	4	2	"root"	-36868.7719	0
0.01	0.01	0.015	0.015	0.008	0.008	0.008	0.008	0.012	0.012	0.012	0.012	0.04	0.001	1000	0.0097	0.0092	0.0144	0.0153	0.0084	0.0076	0.0085	0.0085	0.0094	0.0111	0.0096	0.0107	0.0421	0.001	988.5083	1	5	3	"root"	-55300.7926	1
0.01	0.01	0.015	0.015	0.008	0.008	0.008	0.008	0.012	0.012	0.012	0.012	0.04	0.001	1000	0.0098	0.0094	0.0145	0.0153	0.0082	0.0076	0.0084	0.0084	0.0088	0.0113	0.0094	0.0109	0.0422	0.001	988.8578	2	6	2	"root"	-36868.3705	1
0.01	0.01	0.015	0.015	0.008	0.008	0.008	0.008	0.012	0.012	0.012	0.012	0.04	0.001	1000	0.01	0.01	0.0147	0.0137	0.0074	0.0077	0.008	0.0084	0.0112	0.0136	0.0114	0.0093	0.0406	0.001	988.1227	1	3	1	"root"	-18350.3782	0
0.01	0.01	0.015	0.015	0.008	0.008	0.008	0.008	0.012	0.012	0.012	0.012	0.04	0.001	1000	0.0101	0.01	0.0146	0.0133	0.0073	0.0077	0.0079	0.0084	0.0116	0.0131	0.0118	0.0105	0.0402	0.001	991.0064	1	4	2	"root"	-36700.6757	0
0.01	0.01	0.015	0.015	0.008	0.008	0.008	0.008	0.012	0.012	0.012	0.012	0.04	0.001	1000	0.01	0.01	0.0146	0.0137	0.0074	0.0076	0.0079	0.0084	0.0113	0.0136	0.0116	0.0094	0.0405	0.001	989.1083	1	5	3	"root"	-55044.4904	0
0.01	0.01	0.015	0.015	0.008	0.008	0.008	0.008	0.012	0.012	0.012	0.012	0.04	0.001	1000	0.0101	0.01	0.0146	0.0135	0.0074	0.0077	0.0079	0.0084	0.0112	0.0136	0.0116	0.0094	0.0405	0.001	988.4106	2	6	2	"root"	-36695.3705	0
0.01	0.01	0.015	0.015	0.008	0.008	0.008	0.008	0.012	0.012	0.012	0.012	0.04	0.001	1000	0.0105	0.0087	0.0158	0.0141	0.0075	0.0077	0.0084	0.0077	0.0114	0.0116	0.012	0.0125	0.0401	0.001	999.8525	1	3	1	"root"	-18438.4534	0
0.01	0.01	0.015	0.015	0.008	0.008	0.008	0.008	0.012	0.012	0.012	0.012	0.04	0.001	1000	0.0104	0.0091	0.016	0.014	0.0076	0.0077	0.0086	0.0078	0.0105	0.0111	0.0119	0.0133	0.0403	0.001	999.5614	1	4	2	"root"	-36873.5077	0
0.01	0.01	0.015	0.015	0.008	0.008	0.008	0.008	0.012	0.012	0.012	0.012	0.04	0.001	1000	0.0104	0.009	0.0161	0.0139	0.0076	0.0077	0.0086	0.0078	0.0105	0.0111	0.012	0.0132	0.0403	0.001	999.6146	1	5	3	"root"	-55309.322	0
0.01	0.01	0.015	0.015	0.008	0.008	0.008	0.008	0.012	0.012	0.012	0.012	0.04	0.001	1000	0.0104	0.009	0.016	0.0139	0.0077	0.0078	0.0086	0.0077	0.0108	0.0113	0.012	0.013	0.0402	0.001	999.7037	2	6	2	"root"	-36873.7576	0
0.01	0.01	0.015	0.015	0.008	0.008	0.008	0.008	0.012	0.012	0.012	0.012	0.04	0.001	1000	0.0092	0.0092	0.016	0.0155	0.0069	0.0076	0.0082	0.0078	0.0121	0.0123	0.0121	0.0116	0.0398	0.001	999.9882	1	3	1	"root"	-18373.251	0
0.01	0.01	0.015	0.015	0.008	0.008	0.008	0.008	0.012	0.012	0.012	0.012	0.04	0.001	1000	0.0092	0.0092	0.0161	0.0156	0.0069	0.0076	0.0082	0.0078	0.0121	0.0124	0.0121	0.0117	0.0398	0.001	1000.0929	1	4	2	"root"	-36744.8908	0
0.01	0.01	0.015	0.015	0.008	0.008	0.008	0.008	0.012	0.012	0.012	0.012	0.04	0.001	1000	0.0092	0.0092	0.0159	0.0155	0.0069	0.0077	0.0081	0.0078	0.012	0.0122	0.0121	0.0117	0.0398	0.001	1000.1704	1	5	3	"root"	-55116.5983	0
0.01	0.01	0.015	0.015	0.008	0.008	0.008	0.008	0.012	0.012	0.012	0.012	0.04	0.001	1000	0.0092	0.0092	0.0159	0.0155	0.0069	0.0077	0.0082	0.0078	0.012	0.0122	0.0121	0.0117	0.0398	0.001	1000.0948	2	6	2	"root"	-36744.8501	0
0.01	0.01	0.015	0.015	0.008	0.008	0.008	0.008	0.012	0.012	0.012	0.012	0.04	0.001	1000	0.0094	0.0094	0.0134	0.0143	0.0082	0.008	0.0077	0.0084	0.0112	0.0139	0.0135	0.0101	0.0397	0.001	999.4246	1	3	1	"root"	-18426.2872	0
0.01	0.01	0.015	0.015	0.008	0.008	0.008	0.008	0.012	0.012	0.012	0.012	0.04	0.001	1000	0.0094	0.0094	0.0135	0.0143	0.0082	0.0079	0.0077	0.0085	0.0113	0.0138	0.0133	0.0103	0.0397	0.001	999.4796	1	4	2	"root"	-36850.0889	0
0.01	0.01	0.015	0.015	0.008	0.008	0.008	0.008	0.012	0.012	0.012	0.012	0.04	0.001	1000	0.0093	0.0093	0.0135	0.0143	0.0082	0.008	0.0076	0.0084	0.0112	0.0139	0.0135	0.0102	0.0397	0.001	999.2453	1	5	3	"root"	-55273.5097	0
0.01	0.01	0.015	0.015	0.008	0.008	0.008	0.008	0.012	0.012	0.012	0.012	0.04	0.001	1000	0.0094	0.0094	0.0135	0.0143	0.0082	0.008	0.0077	0.0084	0.0112	0.014	0.0135	0.0101	0.0397	0.001	999.3758	2	6	2	"root"	-36849.8094	0
0.01	0.01	0.015	0.015	0.008	0.008	0.008	0.008	0.012	0.012	0.012	0.012	0.04	0.001	1000	0.0108	0.0097	0.0168	0.0135	0.0077	0.008	0.0078	0.0081	0.0122	0.0096	0.013	0.012	0.0403	0.001	999.5659	1	3	1	"root"	-18613.4738	0
0.01	0.01	0.015	0.015	0.008	0.008	0.008	0.008	0.012	0.012	0.012	0.012	0.04	0.001	1000	0.011	0.0096	0.0169	0.0134	0.0077	0.0081	0.008	0.0081	0.0122	0.0102	0.0127	0.012	0.0402	0.001	999.7089	1	4	2	"root"	-37217.9173	0
0.01	0.01	0.015	0.015	0.008	0.008	0.008	0.008	0.012	0.012	0.012	0.012	0.04	0.001	1000	0.011	0.0096	0.0169	0.0134	0.0077	0.0081	0.008	0.0081	0.0122	0.0102	0.0127	0.012	0.0402	0.001	999.7089	1	5	3	"root"	-55822.0173	0
0.01	0.01	0.015	0.015	0.008	0.008	0.008	0.008	0.012	0.012	0.012	0.012	0.04	0.001	1000	0.011	0.0096	0.0169	0.0134	0.0077	0.0081	0.008	0.0081	0.0122	0.0102	0.0127	0.012	0.0402	0.001	999.7116	2	6	2	"root"	-37213.6966	0
0.01	0.01	0.015	0.015	0.008	0.008	0.008	0.008	0.012	0.012	0.012	0.012	0.04	0.001	1000	0.0094	0.0103	0.0142	0.0152	0.0083	0.0078	0.0073	0.0075	0.0123	0.0126	0.0112	0.0109	0.0401	0.0011	990.2023	1	3	1	"root"	-18405.6819	0
0.01	0.01	0.015	0.015	0.008	0.008	0.008	0.008	0.012	0.012	0.012	0.012	0.04	0.001	1000	0.0094	0.0103	0.0142	0.0152	0.0083	0.0078	0.0074	0.0075	0.0124	0.0127	0.011	0.0107	0.0402	0.0011	998.6102	1	4	2	"root"	-36805.2981	0
0.01	0.01	0.015	0.015	0.008	0.008	0.008	0.008	0.012	0.012	0.012	0.012	0.04	0.001	1000	0.0096	0.0102	0.0146	0.0151	0.0081	0.0076	0.0073	0.0074	0.0121	0.0122	0.0116	0.0115	0.04	0.0011	999.6619	1	5	3	"root"	-55206.748	0
0.01	0.01	0.015	0.015	0.008	0.008	0.008	0.008	0.012	0.012	0.012	0.012	0.04	0.001	1000	0.0094	0.0102	0.0143	0.0152	0.0081	0.0077	0.0074	0.0075	0.0123	0.0125	0.0112	0.011	0.0402	0.0011	998.8171	2	6	2	"root"	-36805.5575	0
0.01	0.01	0.015	0.015	0.008	0.008	0.008	0.008	0.012	0.012	0.012	0.012	0.04	0.001	1000	0.011	0.0097	0.015	0.0148	0.0078	0.0077	0.0087	0.0078	0.0124	0.0117	0.0124	0.0121	0.0398	0.001	999.7298	1	3	1	"root"	-18790.2786	0
0.01	0.01	0.015	0.015	0.008	0.008	0.008	0.008	0.012	0.012	0.012	0.012	0.04	0.001	1000	0.0109	0.0097	0.015	0.0148	0.0078	0.0077	0.0088	0.0079	0.0122	0.0119	0.0122	0.0121	0.0399	0.001	999.8882	1	4	2	"root"	-37579.2964	0
0.01	0.01	0.015	0.015	0.008	0.008	0.008	0.008	0.012	0.012	0.012	0.012	0.04	0.001	1000	0.0109	0.0097	0.015	0.0148	0.0078	0.0078	0.0088	0.0079	0.0122	0.0119	0.0122	0.0121	0.0399	0.001	999.8949	1	5	3	"root"	-56368.1862	0
0.01	0.01	0.015	0.015	0.008	0.008	0.008	0.008	0.012	0.012	0.012	0.012	0.04	0.001	1000	0.0109	0.0098	0.015	0.0148	0.0077	0.0076	0.0088	0.0078	0.0125	0.0117	0.0125	0.0123	0.0397	0.001	999.6483	2	6	2	"root"	-37578.8664	0
0.01	0.01	0.015	0.015	0.008	0.008	0.008	0.008	0.012	0.012	0.012	0.012	0.04	0.001	1000	0.0105	0.0119	0.0153	0.0146	0.0083	0.0082	0.0083	0.0087	0.0107	0.0122	0.0135	0.0087	0.041	0.001	999.5126	1	3	1	"root"	-19071.6079	0
0.01	0.01	0.015	0.015	0.008	0.008	0.008	0.008	0.012	0.012	0.012	0.012	0.04	0.001	1000	0.0105	0.0119	0.0153	0.0146	0.0084	0.0082	0.0083	0.0087	0.0109	0.0122	0.0134	0.0091	0.0408	0.001	999.5727	1	4	2	"root"	-38139.2446	0
0.01	0.01	0.015	0.015	0.008	0.008	0.008	0.008	0.012	0.012	0.012	0.012	0.04	0.001	1000	0.0105	0.0119	0.0152	0.0147	0.0085	0.0083	0.0083	0.0087	0.0107	0.0121	0.0135	0.0087	0.0409	0.001	999.4983	1	5	3	"root"	-57206.293	0
0.01	0.01	0.015	0.015	0.008	0.008	0.008	0.008	0.012	0.012	0.012	0.012	0.04	0.001	1000	0.0106	0.0122	0.0153	0.0146	0.0083	0.0082	0.0083	0.0084	0.0108	0.0122	0.0135	0.009	0.0408	0.001	999.573	2	6	2	"root"	-38135.5843	0
0.01	0.01	0.015	0.015	0.008	0.008	0.008	0.008	0.012	0.012	0.012	0.012	0.04	0.001	1000	0.0094	0.0095	0.0139	0.016	0.0073	0.0081	0.0074	0.0083	0.0123	0.0122	0.0119	0.0114	0.04	0.001	999.1151	1	3	1	"root"	-18408.4431	0
0.01	0.01	0.015	0.015	0.008	0.008	0.008	0.008	0.012	0.012	0.012	0.012	0.04	0.001	1000	0.0095	0.0096	0.0139	0.0161	0.0074	0.0081	0.0075	0.0082	0.0126	0.0125	0.0119	0.0108	0.04	0.001	999.2935	1	4	2	"root"	-36813.7179	0
0.01	0.01	0.015	0.015	0.008	0.008	0.008	0.008	0.012	0.012	0.012	0.012	0.04	0.001	1000	0.0094	0.0095	0.0139	0.016	0.0074	0.0081	0.0075	0.0083	0.0123	0.0123	0.0119	0.0113	0.04	0.001	999.6866	1	5	3	"root"	-55219.543	0
0.01	0.01	0.015	0.015	0.008	0.008	0.008	0.008	0.012	0.012	0.012	0.012	0.04	0.001	1000	0.0094	0.0095	0.0139	0.016	0.0074	0.0081	0.0075	0.0082	0.0123	0.0123	0.0119	0.0113	0.04	0.001	999.5703	2	6	2	"root"	-36813.7898	0
0.01	0.01	0.015	0.015	0.008	0.008	0.008	0.008	0.012	0.012	0.012	0.012	0.04	0.001	1000	0.0101	0.0109	0.0152	0.0143	0.0084	0.008	0.0081	0.0082	0.0122	0.013	0.0122	0.0106	0.04	0.001	999.4854	1	3	1	"root"	-18915.7822	0
0.01	0.01	0.015	0.015	0.008	0.008	0.008	0.008	0.012	0.012	0.012	0.012	0.04	0.001	1000	0.0101	0.0112	0.0152	0.0145	0.0085	0.0081	0.0082	0.0083	0.0121	0.0124	0.0121	0.0115	0.04	0.001	999.9406	1	4	2	"root"	-37828.3955	0
0.01	0.01	0.015	0.015	0.008	0.008	0.008	0.008	0.012	0.012	0.012	0.012	0.04	0.001	1000	0.0101	0.0109	0.0152	0.0144	0.0084	0.0081	0.0081	0.0082	0.0122	0.013	0.0123	0.0105	0.0401	0.001	999.8741	1	5	3	"root"	-56738.5988	0
0.01	0.01	0.015	0.015	0.008	0.008	0.008	0.008	0.012	0.012	0.012	0.012	0.04	0.001	1000	0.0101	0.011	0.0152	0.0143	0.0084	0.0081	0.0081	0.0082	0.0122	0.013	0.0123	0.0105	0.0401	0.001	999.6448	2	6	2	"root"	-37827.0632	0
0.01	0.01	0.015	0.015	0.008	0.008	0.008	0.008	0.012	0.012	0.012	0.012	0.04	0.001	1000	0.0095	0.0107	0.0152	0.0152	0.0077	0.0078	0.0086	0.0074	0.0108	0.0129	0.014	0.0106	0.0398	0.001	992.2052	1	3	1	"root"	-18698.9301	0
0.01	0.01	0.015	0.015	0.008	0.008	0.008	0.008	0.012	0.012	0.012	0.012	0.04	0.001	1000	0.0096	0.0106	0.0152	0.0152	0.0077	0.0078	0.0086	0.0074	0.0109	0.0128	0.0138	0.0107	0.0399	0.001	997.22	1	4	2	"root"	-37393.2048	0
0.01	0.01	0.015	0.015	0.008	0.008	0.008	0.008	0.012	0.012	0.012	0.012	0.04	0.001	1000	0.0094	0.0108	0.0152	0.0152	0.0079	0.0079	0.0086	0.0074	0.011	0.0127	0.0134	0.0109	0.0399	0.001	995.3561	1	5	3	"root"	-56088.1155	0
0.01	0.01	0.015	0.015	0.008	0.008	0.008	0.008	0.012	0.012	0.012	0.012	0.04	0.001	1000	0.0096	0.0106	0.0152	0.0152	0.0078	0.0079	0.0087	0.0075	0.0109	0.0128	0.0137	0.0108	0.0399	0.001	997.3653	2	6	2	"root"	-37393.1499	0
0.01	0.01	0.015	0.015	0.008	0.008	0.008	0.008	0.012	0.012	0.012	0.012	0.04	0.001	1000	0.0103	0.0099	0.0145	0.0165	0.0076	0.0083	0.0089	0.0079	0.0117	0.0115	0.0128	0.0109	0.0403	0.001	999.4621	1	3	1	"root"	-18843.137	0
0.01	0.01	0.015	0.015	0.008	0.008	0.008	0.008	0.012	0.012	0.012	0.012	0.04	0.001	1000	0.0104	0.0099	0.0144	0.0165	0.0075	0.0082	0.0089	0.0078	0.0119	0.0118	0.0126	0.0115	0.0401	0.001	999.781	1	4	2	"root"	-37682.1942	0
0.01	0.01	0.015	0.015	0.008	0.008	0.008	0.008	0.012	0.012	0.012	0.012	0.04	0.001	1000	0.0098	0.0109	0.0162	0.0158	0.0078	0.0085	0.0087	0.0084	0.0126	0.0112	0.0132	0.0121	0.0398	0.001	999.7791	1	3	1	"root"	-19245.3103	0
0.01	0.01	0.015	0.015	0.008	0.008	0.008	0.008	0.012	0.012	0.012	0.012	0.04	0.001	1000	0.0098	0.0108	0.0159	0.0156	0.0078	0.0084	0.0086	0.0083	0.0133	0.0111	0.0148	0.0126	0.0389	0.001	998.8669	1	4	2	"root"	-38486.7675	1
0.01	0.01	0.015	0.015	0.008	0.008	0.008	0.008	0.012	0.012	0.012	0.012	0.04	0.001	1000	0.0099	0.0106	0.0161	0.0158	0.0078	0.0085	0.0087	0.0084	0.013	0.0109	0.014	0.0123	0.0395	0.001	999.4959	1	5	3	"root"	-57729.2737	0
0.01	0.01	0.015	0.015	0.008	0.008	0.008	0.008	0.012	0.012	0.012	0.012	0.04	0.001	1000	0.0098	0.0107	0.0161	0.0158	0.0079	0.0085	0.0089	0.0084	0.0128	0.0111	0.0135	0.0122	0.0396	0.001	999.6687	2	6	2	"root"	-38487.3509	0
0.01	0.01	0.015	0.015	0.008	0.008	0.008	0.008	0.012	0.012	0.012	0.012	0.04	0.001	1000	0.0095	0.0104	0.0146	0.0161	0.0083	0.0076	0.008	0.0079	0.0105	0.0098	0.0128	0.0093	0.0415	0.001	999.8351	1	3	1	"root"	-18420.5244	0
0.01	0.01	0.015	0.015	0.008	0.008	0.008	0.008	0.012	0.012	0.012	0.012	0.04	0.001	1000	0.0095	0.0103	0.0147	0.0158	0.0082	0.0075	0.008	0.008	0.0104	0.0096	0.0126	0.0089	0.0417	0.001	999.2545	1	4	2	"root"	-36837.4981	0
0.01	0.01	0.015	0.015	0.008	0.008	0.008	0.008	0.012	0.012	0.012	0.012	0.04	0.001	1000	0.0094	0.0104	0.0146	0.0159	0.0084	0.0077	0.0082	0.0082	0.01	0.0096	0.0114	0.0084	0.0425	9e-04	998.554	1	5	3	"root"	-55253.1482	0
0.01	0.01	0.015	0.015	0.008	0.008	0.008	0.008	0.012	0.012	0.012	0.012	0.04	0.001	1000	0.0094	0.0104	0.0146	0.0159	0.0082	0.0076	0.008	0.008	0.0104	0.0097	0.0127	0.0091	0.0417	0.001	999.361	2	6	2	"root"	-36837.4389	0
0.01	0.01	0.015	0.015	0.008	0.008	0.008	0.008	0.012	0.012	0.012	0.012	0.04	0.001	1000	0.009	0.0097	0.0151	0.0146	0.0081	0.0085	0.0084	0.0087	0.0118	0.012	0.0124	0.0121	0.0401	0.001	1000.003	1	3	1	"root"	-18759.797	0
0.01	0.01	0.015	0.015	0.008	0.008	0.008	0.008	0.012	0.012	0.012	0.012	0.04	0.001	1000	0.0088	0.0097	0.0153	0.0141	0.0083	0.0084	0.0084	0.0085	0.0106	0.0113	0.0134	0.0117	0.0404	0.001	1002.4596	1	4	2	"root"	-37513.4154	0
0.01	0.01	0.015	0.015	0.008	0.008	0.008	0.008	0.012	0.012	0.012	0.012	0.04	0.001	1000	0.0088	0.0097	0.0153	0.0142	0.0083	0.0084	0.0084	0.0085	0.0106	0.0113	0.0134	0.0116	0.0404	0.001	1000.5813	1	5	3	"root"	-56268.1316	0
0.01	0.01	0.015	0.015	0.008	0.008	0.008	0.008	0.012	0.012	0.012	0.012	0.04	0.001	1000	0.0088	0.0097	0.0153	0.0141	0.0083	0.0084	0.0084	0.0085	0.0105	0.0113	0.0135	0.0117	0.0404	0.001	1002.4712	2	6	2	"root"	-37513.236	0
0.01	0.01	0.015	0.015	0.008	0.008	0.008	0.008	0.012	0.012	0.012	0.012	0.04	0.001	1000	0.0098	0.0093	0.0132	0.0123	0.0072	0.0083	0.0088	0.0078	0.0122	0.0129	0.0106	0.0112	0.0403	0.001	997.457	1	3	1	"root"	-18219.3312	0
0.01	0.01	0.015	0.015	0.008	0.008	0.008	0.008	0.012	0.012	0.012	0.012	0.04	0.001	1000	0.0098	0.0092	0.0133	0.0124	0.0073	0.0084	0.0086	0.0079	0.0122	0.0127	0.0109	0.0115	0.0402	0.001	996.8474	1	4	2	"root"	-36435.73	0
0.01	0.01	0.015	0.015	0.008	0.008	0.008	0.008	0.012	0.012	0.012	0.012	0.04	0.001	1000	0.0098	0.0092	0.0133	0.0124	0.0073	0.0084	0.0086	0.0079	0.0122	0.0127	0.0109	0.0115	0.0402	0.001	996.613	1	5	3	"root"	-54651.7751	0
0.01	0.01	0.015	0.015	0.008	0.008	0.008	0.008	0.012	0.012	0.012	0.012	0.04	0.001	1000	0.0099	0.0095	0.0134	0.0125	0.0075	0.0083	0.0088	0.0079	0.0123	0.0134	0.0095	0.0108	0.0406	0.001	996.1404	2	6	2	"root"	-36434.3679	0
0.01	0.01	0.015	0.015	0.008	0.008	0.008	0.008	0.012	0.012	0.012	0.012	0.04	0.001	1000	0.0103	0.0098	0.0172	0.0146	0.0081	0.0077	0.0088	0.008	0.0132	0.0127	0.0122	0.0106	0.0398	0.001	999.53	1	3	1	"root"	-19015.6003	0
0.01	0.01	0.015	0.015	0.008	0.008	0.008	0.008	0.012	0.012	0.012	0.012	0.04	0.001	1000	0.0104	0.0097	0.0172	0.0146	0.0082	0.0077	0.0088	0.008	0.0132	0.0127	0.0121	0.0105	0.0399	0.001	999.3688	1	4	2	"root"	-38025.3651	0
0.01	0.01	0.015	0.015	0.008	0.008	0.008	0.008	0.012	0.012	0.012	0.012	0.04	0.001	1000	0.0104	0.0097	0.0173	0.0146	0.0081	0.0076	0.0088	0.0079	0.0129	0.0125	0.012	0.0108	0.0399	0.001	999.6587	1	5	3	"root"	-57035.4822	0
0.01	0.01	0.015	0.015	0.008	0.008	0.008	0.008	0.012	0.012	0.012	0.012	0.04	0.001	1000	0.0105	0.0096	0.0171	0.0146	0.0083	0.0079	0.009	0.0081	0.0126	0.0123	0.0121	0.0114	0.04	0.001	999.8819	2	6	2	"root"	-38026.4914	0
0.01	0.01	0.015	0.015	0.008	0.008	0.008	0.008	0.012	0.012	0.012	0.012	0.04	0.001	1000	0.0108	0.0108	0.0159	0.0157	0.0077	0.0081	0.0073	0.0079	0.0126	0.0131	0.0102	0.0121	0.0398	0.001	999.3987	1	3	1	"root"	-18822.612	0
0.01	0.01	0.015	0.015	0.008	0.008	0.008	0.008	0.012	0.012	0.012	0.012	0.04	0.001	1000	0.0109	0.0109	0.016	0.0158	0.0077	0.0082	0.0074	0.008	0.0123	0.0127	0.0109	0.012	0.0399	0.001	999.6369	1	4	2	"root"	-37640.4894	0
0.01	0.01	0.015	0.015	0.008	0.008	0.008	0.008	0.012	0.012	0.012	0.012	0.04	0.001	1000	0.0108	0.0108	0.0159	0.0158	0.0076	0.0082	0.0073	0.0078	0.0124	0.0128	0.0106	0.0119	0.0399	0.001	999.5483	1	5	3	"root"	-56457.3158	0
0.01	0.01	0.015	0.015	0.008	0.008	0.008	0.008	0.012	0.012	0.012	0.012	0.04	0.001	1000	0.0107	0.0107	0.016	0.0158	0.0077	0.0081	0.0073	0.0078	0.0126	0.0131	0.0102	0.012	0.0399	0.001	999.294	2	6	2	"root"	-37639.7045	0
0.01	0.01	0.015	0.015	0.008	0.008	0.008	0.008	0.012	0.012	0.012	0.012	0.04	0.001	1000	0.0092	0.0102	0.0141	0.0138	0.0075	0.0082	0.0074	0.0067	0.0127	0.0109	0.0099	0.0125	0.0403	0.0011	995.1172	1	3	1	"root"	-17972.7334	0
0.01	0.01	0.015	0.015	0.008	0.008	0.008	0.008	0.012	0.012	0.012	0.012	0.04	0.001	1000	0.0092	0.0102	0.014	0.0136	0.0075	0.0082	0.0074	0.0067	0.0128	0.0109	0.0097	0.0126	0.0403	0.0011	997.7748	1	4	2	"root"	-35941.1457	0
0.01	0.01	0.015	0.015	0.008	0.008	0.008	0.008	0.012	0.012	0.012	0.012	0.04	0.001	1000	0.0092	0.0102	0.014	0.0135	0.0076	0.0082	0.0075	0.0068	0.0127	0.011	0.01	0.0126	0.0403	0.0011	992.73	1	5	3	"root"	-53909.7341	0
0.01	0.01	0.015	0.015	0.008	0.008	0.008	0.008	0.012	0.012	0.012	0.012	0.04	0.001	1000	0.0093	0.0102	0.0141	0.0137	0.0076	0.0083	0.0074	0.0068	0.0127	0.0109	0.0099	0.0126	0.0403	0.0011	998.4534	2	6	2	"root"	-35941.0536	0
0.01	0.01	0.015	0.015	0.008	0.008	0.008	0.008	0.012	0.012	0.012	0.012	0.04	0.001	1000	0.0098	0.01	0.0148	0.0136	0.0077	0.0077	0.0086	0.0087	0.0117	0.0122	0.0118	0.0119	0.0402	0.001	999.2532	1	3	1	"root"	-18688.6427	0
0.01	0.01	0.015	0.015	0.008	0.008	0.008	0.008	0.012	0.012	0.012	0.012	0.04	0.001	1000	0.0098	0.01	0.0148	0.0138	0.0079	0.0078	0.0087	0.0089	0.011	0.0122	0.0108	0.0114	0.0409	0.001	998.84	1	4	2	"root"	-37369.4906	0
0.01	0.01	0.015	0.015	0.008	0.008	0.008	0.008	0.012	0.012	0.012	0.012	0.04	0.001	1000	0.0099	0.01	0.0148	0.0137	0.0079	0.0078	0.0087	0.0089	0.0111	0.0123	0.0108	0.0115	0.0408	0.001	999.1833	1	5	3	"root"	-56050.5446	0
0.01	0.01	0.015	0.015	0.008	0.008	0.008	0.008	0.012	0.012	0.012	0.012	0.04	0.001	1000	0.0098	0.01	0.0148	0.0134	0.0079	0.0077	0.0086	0.0088	0.0113	0.0123	0.0113	0.0117	0.0405	0.001	999.3257	2	6	2	"root"	-37369.6524	0
0.01	0.01	0.015	0.015	0.008	0.008	0.008	0.008	0.012	0.012	0.012	0.012	0.04	0.001	1000	0.0103	0.0106	0.0145	0.0143	0.0081	0.0081	0.0073	0.0079	0.0125	0.0131	0.0113	0.0134	0.0392	0.001	999.392	1	3	1	"root"	-18672.253	0
0.01	0.01	0.015	0.015	0.008	0.008	0.008	0.008	0.012	0.012	0.012	0.012	0.04	0.001	1000	0.0101	0.0103	0.0149	0.0149	0.0083	0.0082	0.0073	0.0081	0.012	0.0121	0.0119	0.0121	0.04	0.001	999.9618	1	4	2	"root"	-37343.42	0
0.01	0.01	0.015	0.015	0.008	0.008	0.008	0.008	0.012	0.012	0.012	0.012	0.04	0.001	1000	0.0101	0.0103	0.0149	0.0149	0.0083	0.0082	0.0073	0.0081	0.012	0.0121	0.0119	0.0121	0.04	0.001	999.9616	1	5	3	"root"	-56013.1778	0
0.01	0.01	0.015	0.015	0.008	0.008	0.008	0.008	0.012	0.012	0.012	0.012	0.04	0.001	1000	0.0101	0.0103	0.0149	0.0149	0.0083	0.0082	0.0073	0.0081	0.012	0.0121	0.0119	0.0121	0.04	0.001	999.9618	2	6	2	"root"	-37343.2567	0
0.01	0.01	0.015	0.015	0.008	0.008	0.008	0.008	0.012	0.012	0.012	0.012	0.04	0.001	1000	0.0091	0.0103	0.0149	0.0139	0.0083	0.0077	0.0077	0.0078	0.0115	0.0125	0.0096	0.0136	0.0401	9e-04	999.5532	1	3	1	"root"	-18261.7972	0
0.01	0.01	0.015	0.015	0.008	0.008	0.008	0.008	0.012	0.012	0.012	0.012	0.04	0.001	1000	0.0092	0.0102	0.0149	0.014	0.0083	0.0077	0.0076	0.0078	0.0115	0.0125	0.0095	0.0137	0.0401	0.001	999.5216	1	4	2	"root"	-36521.3013	0
0.01	0.01	0.015	0.015	0.008	0.008	0.008	0.008	0.012	0.012	0.012	0.012	0.04	0.001	1000	0.0091	0.0103	0.0149	0.0139	0.0083	0.0077	0.0076	0.0077	0.0115	0.0125	0.0097	0.0136	0.0401	0.001	999.0927	1	5	3	"root"	-54780.9602	0
0.01	0.01	0.015	0.015	0.008	0.008	0.008	0.008	0.012	0.012	0.012	0.012	0.04	0.001	1000	0.0091	0.0103	0.0149	0.014	0.0082	0.0077	0.0077	0.0078	0.0115	0.0125	0.0096	0.0137	0.0401	0.001	999.5318	2	6	2	"root"	-36521.2178	0
0.01	0.01	0.015	0.015	0.008	0.008	0.008	0.008	0.012	0.012	0.012	0.012	0.04	0.001	1000	0.0108	0.01	0.0143	0.0133	0.0078	0.0081	0.0075	0.0081	0.0119	0.0119	0.0122	0.0116	0.0401	0.001	997.8737	1	3	1	"root"	-18394.8256	0
0.01	0.01	0.015	0.015	0.008	0.008	0.008	0.008	0.012	0.012	0.012	0.012	0.04	0.001	1000	0.0108	0.01	0.0143	0.0133	0.0078	0.0081	0.0075	0.0081	0.0119	0.0119	0.0122	0.0116	0.0401	0.001	998.244	1	4	2	"root"	-36788.3872	0
0.01	0.01	0.015	0.015	0.008	0.008	0.008	0.008	0.012	0.012	0.012	0.012	0.04	0.001	1000	0.0107	0.01	0.0142	0.0132	0.0078	0.0082	0.0075	0.008	0.0118	0.0119	0.0123	0.0115	0.0401	0.001	998.2203	1	5	3	"root"	-55181.7854	0
0.01	0.01	0.015	0.015	0.008	0.008	0.008	0.008	0.012	0.012	0.012	0.012	0.04	0.001	1000	0.0108	0.01	0.0143	0.0133	0.0078	0.0081	0.0075	0.0081	0.0119	0.0119	0.0122	0.0116	0.0401	0.001	998.2487	2	6	2	"root"	-36788.2514	0
0.01	0.01	0.015	0.015	0.008	0.008	0.008	0.008	0.012	0.012	0.012	0.012	0.04	0.001	1000	0.0111	0.01	0.0139	0.0148	0.0084	0.0078	0.0079	0.0077	0.0123	0.0116	0.012	0.0117	0.0401	0.001	999.7851	1	3	1	"root"	-18625.1579	0
0.01	0.01	0.015	0.015	0.008	0.008	0.008	0.008	0.012	0.012	0.012	0.012	0.04	0.001	1000	0.0109	0.01	0.0138	0.0147	0.0084	0.0079	0.008	0.0078	0.0127	0.0108	0.0119	0.011	0.0405	0.001	999.3001	1	4	2	"root"	-37245.2581	0
0.01	0.01	0.015	0.015	0.008	0.008	0.008	0.008	0.012	0.012	0.012	0.012	0.04	0.001	1000	0.0111	0.01	0.0139	0.0148	0.0083	0.0078	0.0079	0.0077	0.0123	0.0116	0.012	0.0117	0.0401	0.001	999.8172	1	5	3	"root"	-55866.8369	0
0.01	0.01	0.015	0.015	0.008	0.008	0.008	0.008	0.012	0.012	0.012	0.012	0.04	0.001	1000	0.0108	0.01	0.0138	0.0147	0.0085	0.0079	0.008	0.0078	0.0127	0.0108	0.0119	0.0111	0.0404	0.001	999.2635	2	6	2	"root"	-37240.6054	0
0.01	0.01	0.015	0.015	0.008	0.008	0.008	0.008	0.012	0.012	0.012	0.012	0.04	0.001	1000	0.0092	0.0093	0.0154	0.0159	0.0083	0.0084	0.0069	0.0086	0.0116	0.0124	0.0124	0.0114	0.04	0.001	999.7546	1	3	1	"root"	-18691.6619	0
0.01	0.01	0.015	0.015	0.008	0.008	0.008	0.008	0.012	0.012	0.012	0.012	0.04	0.001	1000	0.0092	0.0093	0.0154	0.0159	0.0083	0.0084	0.0069	0.0086	0.0116	0.0124	0.0124	0.0115	0.04	0.001	999.7582	1	4	2	"root"	-37384.9571	0
0.01	0.01	0.015	0.015	0.008	0.008	0.008	0.008	0.012	0.012	0.012	0.012	0.04	0.001	1000	0.0093	0.0093	0.0154	0.0159	0.0084	0.0084	0.0068	0.0086	0.0116	0.0125	0.0126	0.0115	0.04	0.001	999.6917	1	5	3	"root"	-56078.0134	0
0.01	0.01	0.015	0.015	0.008	0.008	0.008	0.008	0.012	0.012	0.012	0.012	0.04	0.001	1000	0.0092	0.0093	0.0154	0.0159	0.0083	0.0084	0.0069	0.0086	0.0116	0.0124	0.0124	0.0115	0.04	0.001	999.7583	2	6	2	"root"	-37384.8037	0
0.01	0.01	0.015	0.015	0.008	0.008	0.008	0.008	0.012	0.012	0.012	0.012	0.04	0.001	1000	0.0091	0.0103	0.0133	0.0147	0.0074	0.0082	0.0079	0.0074	0.0145	0.012	0.0122	0.011	0.0393	0.001	999.4988	1	3	1	"root"	-18291.1682	0
0.01	0.01	0.015	0.015	0.008	0.008	0.008	0.008	0.012	0.012	0.012	0.012	0.04	0.001	1000	0.0092	0.0102	0.0131	0.0146	0.0075	0.0084	0.0081	0.0075	0.0138	0.0119	0.0121	0.0112	0.0396	0.001	999.6294	1	4	2	"root"	-36579.061	0
0.01	0.01	0.015	0.015	0.008	0.008	0.008	0.008	0.012	0.012	0.012	0.012	0.04	0.001	1000	0.0092	0.0103	0.0131	0.0146	0.0075	0.0083	0.0079	0.0074	0.014	0.0119	0.0122	0.011	0.0395	0.001	999.4882	1	5	3	"root"	-54866.2412	0
0.01	0.01	0.015	0.015	0.008	0.008	0.008	0.008	0.012	0.012	0.012	0.012	0.04	0.001	1000	0.0091	0.0102	0.0132	0.0146	0.0074	0.0082	0.0079	0.0074	0.0144	0.0119	0.0122	0.0109	0.0394	0.001	999.5442	2	6	2	"root"	-36578.4375	0
0.01	0.01	0.015	0.015	0.008	0.008	0.008	0.008	0.012	0.012	0.012	0.012	0.04	0.001	1000	0.0105	0.0085	0.0142	0.0142	0.0084	0.0081	0.0078	0.0079	0.0099	0.0139	0.0118	0.0145	0.0393	0.001	999.7623	1	3	1	"root"	-18628.5979	0
0.01	0.01	0.015	0.015	0.008	0.008	0.008	0.008	0.012	0.012	0.012	0.012	0.04	0.001	1000	0.0105	0.0085	0.0142	0.0142	0.0085	0.0081	0.0078	0.0079	0.0099	0.0139	0.0117	0.0144	0.0393	0.001	999.4677	1	4	2	"root"	-37250.3081	0
0.01	0.01	0.015	0.015	0.008	0.008	0.008	0.008	0.012	0.012	0.012	0.012	0.04	0.001	1000	0.0105	0.0085	0.0142	0.0142	0.0085	0.0081	0.0078	0.0079	0.0099	0.0139	0.0117	0.0144	0.0394	0.001	999.5156	1	5	3	"root"	-55871.9276	0
0.01	0.01	0.015	0.015	0.008	0.008	0.008	0.008	0.012	0.012	0.012	0.012	0.04	0.001	1000	0.0104	0.0085	0.0143	0.0143	0.0085	0.0082	0.0079	0.0079	0.0099	0.0141	0.0117	0.0147	0.0392	0.001	999.3663	2	6	2	"root"	-37249.8398	1
0.01	0.01	0.015	0.015	0.008	0.008	0.008	0.008	0.012	0.012	0.012	0.012	0.04	0.001	1000	0.009	0.0105	0.0142	0.0153	0.0077	0.0075	0.0084	0.0084	0.0122	0.012	0.0117	0.0122	0.04	0.001	999.7434	1	3	1	"root"	-18608.3164	0
0.01	0.01	0.015	0.015	0.008	0.008	0.008	0.008	0.012	0.012	0.012	0.012	0.04	0.001	1000	0.009	0.0105	0.0142	0.0153	0.0077	0.0075	0.0084	0.0084	0.0122	0.012	0.0117	0.0122	0.0399	0.001	999.7319	1	4	2	"root"	-37215.7593	0
0.01	0.01	0.015	0.015	0.008	0.008	0.008	0.008	0.012	0.012	0.012	0.012	0.04	0.001	1000	0.009	0.0106	0.0142	0.0153	0.0077	0.0075	0.0084	0.0084	0.0122	0.012	0.0117	0.0123	0.0399	0.001	999.7275	1	5	3	"root"	-55823.1425	0
0.01	0.01	0.015	0.015	0.008	0.008	0.008	0.008	0.012	0.012	0.012	0.012	0.04	0.001	1000	0.009	0.0106	0.0142	0.0153	0.0077	0.0075	0.0084	0.0084	0.0122	0.012	0.0117	0.0122	0.0399	0.001	999.7324	2	6	2	"root"	-37215.6362	0
0.01	0.01	0.015	0.015	0.008	0.008	0.008	0.008	0.012	0.012	0.012	0.012	0.04	0.001	1000	0.0093	0.0099	0.0134	0.0161	0.0078	0.0073	0.0075	0.0079	0.0107	0.0123	0.0147	0.0119	0.0393	0.0011	999.0451	1	3	1	"root"	-18353.7139	0
0.01	0.01	0.015	0.015	0.008	0.008	0.008	0.008	0.012	0.012	0.012	0.012	0.04	0.001	1000	0.0094	0.0099	0.0135	0.016	0.0078	0.0073	0.0074	0.0079	0.0107	0.0124	0.0151	0.0119	0.0391	0.0011	998.7223	1	4	2	"root"	-36704.6898	0
0.01	0.01	0.015	0.015	0.008	0.008	0.008	0.008	0.012	0.012	0.012	0.012	0.04	0.001	1000	0.0093	0.0099	0.0134	0.0161	0.008	0.0073	0.0075	0.008	0.0108	0.0123	0.0146	0.0118	0.0393	0.0011	998.8507	1	5	3	"root"	-55056.1727	1
0.01	0.01	0.015	0.015	0.008	0.008	0.008	0.008	0.012	0.012	0.012	0.012	0.04	0.001	1000	0.0091	0.0098	0.0133	0.0161	0.0079	0.0074	0.0076	0.0079	0.0112	0.0121	0.0136	0.0118	0.0396	0.0011	999.2651	2	6	2	"root"	-36705.9099	0
0.01	0.01	0.015	0.015	0.008	0.008	0.008	0.008	0.012	0.012	0.012	0.012	0.04	0.001	1000	0.0106	0.0091	0.0132	0.0161	0.0078	0.0073	0.0077	0.0079	0.0123	0.0117	0.0114	0.0124	0.0399	0.001	999.8757	1	3	1	"root"	-18281.3227	0
0.01	0.01	0.015	0.015	0.008	0.008	0.008	0.008	0.012	0.012	0.012	0.012	0.04	0.001	1000	0.0105	0.0092	0.0132	0.0161	0.0078	0.0072	0.0076	0.008	0.0125	0.0117	0.0111	0.0125	0.0399	0.001	999.8467	1	4	2	"root"	-36554.603	0
0.01	0.01	0.015	0.015	0.008	0.008	0.008	0.008	0.012	0.012	0.012	0.012	0.04	0.001	1000	0.0105	0.0092	0.0132	0.0161	0.0078	0.0072	0.0076	0.0079	0.0125	0.0116	0.0111	0.0124	0.0399	0.001	999.6628	1	5	3	"root"	-54827.8891	0
0.01	0.01	0.015	0.015	0.008	0.008	0.008	0.008	0.012	0.012	0.012	0.012	0.04	0.001	1000	0.0106	0.0091	0.0133	0.016	0.0078	0.0073	0.0077	0.0079	0.0123	0.0117	0.0114	0.0123	0.0399	0.001	999.8421	2	6	2	"root"	-36554.7389	0
0.01	0.01	0.015	0.015	0.008	0.008	0.008	0.008	0.012	0.012	0.012	0.012	0.04	0.001	1000	0.0114	0.0101	0.0148	0.0142	0.0081	0.0077	0.0079	0.0085	0.0117	0.0124	0.0123	0.0117	0.04	0.001	999.0714	1	3	1	"root"	-18750.6198	0
0.01	0.01	0.015	0.015	0.008	0.008	0.008	0.008	0.012	0.012	0.012	0.012	0.04	0.001	1000	0.0112	0.0101	0.0147	0.0141	0.0081	0.0077	0.0079	0.0085	0.0112	0.0131	0.0126	0.0111	0.04	0.001	999.0306	1	4	2	"root"	-37493.0557	0
0.01	0.01	0.015	0.015	0.008	0.008	0.008	0.008	0.012	0.012	0.012	0.012	0.04	0.001	1000	0.0115	0.0101	0.0147	0.0142	0.0081	0.0077	0.0079	0.0085	0.0116	0.0126	0.0123	0.0116	0.04	0.001	999.5317	1	5	3	"root"	-56236.7317	0
0.01	0.01	0.015	0.015	0.008	0.008	0.008	0.008	0.012	0.012	0.012	0.012	0.04	0.001	1000	0.0112	0.0101	0.0147	0.014	0.008	0.0077	0.0079	0.0085	0.0112	0.013	0.0126	0.0112	0.04	0.001	999.1839	2	6	2	"root"	-37492.9626	0
0.01	0.01	0.015	0.015	0.008	0.008	0.008	0.008	0.012	0.012	0.012	0.012	0.04	0.001	1000	0.0085	0.0094	0.0158	0.0153	0.0079	0.0084	0.0081	0.0072	0.0102	0.0143	0.0114	0.0107	0.0403	0.001	998.8058	1	3	1	"root"	-18422.0768	0
0.01	0.01	0.015	0.015	0.008	0.008	0.008	0.008	0.012	0.012	0.012	0.012	0.04	0.001	1000	0.0087	0.0095	0.0157	0.0152	0.0079	0.0083	0.0081	0.0072	0.0101	0.0144	0.0112	0.0105	0.0404	0.001	999.8335	1	4	2	"root"	-36841.2472	0
0.01	0.01	0.015	0.015	0.008	0.008	0.008	0.008	0.012	0.012	0.012	0.012	0.04	0.001	1000	0.0086	0.0094	0.0158	0.0153	0.0079	0.0084	0.0081	0.0072	0.0103	0.0142	0.0113	0.0107	0.0403	0.001	1002.2257	1	5	3	"root"	-55260.7288	0
0.01	0.01	0.015	0.015	0.008	0.008	0.008	0.008	0.012	0.012	0.012	0.012	0.04	0.001	1000	0.0087	0.0095	0.0157	0.0152	0.0079	0.0083	0.008	0.0071	0.0101	0.0143	0.0112	0.0106	0.0404	0.001	999.8558	2	6	2	"root"	-36841.0894	0
0.01	0.01	0.015	0.015	0.008	0.008	0.008	0.008	0.012	0.012	0.012	0.012	0.04	0.001	1000	0.0104	0.0101	0.0149	0.0153	0.0077	0.0083	0.0082	0.0088	0.012	0.0121	0.0122	0.0122	0.0399	0.001	999.894	1	3	1	"root"	-18944.6459	0
0.01	0.01	0.015	0.015	0.008	0.008	0.008	0.008	0.012	0.012	0.012	0.012	0.04	0.001	1000	0.0104	0.0101	0.0149	0.0153	0.0077	0.0082	0.0082	0.0087	0.012	0.0121	0.0122	0.0123	0.0399	0.001	999.4123	1	4	2	"root"	-37885.5121	0
0.01	0.01	0.015	0.015	0.008	0.008	0.008	0.008	0.012	0.012	0.012	0.012	0.04	0.001	1000	0.0105	0.0101	0.0148	0.0155	0.0076	0.0082	0.0081	0.0086	0.0119	0.0121	0.0122	0.0125	0.0398	0.001	998.8809	1	5	3	"root"	-56825.983	0
0.01	0.01	0.015	0.015	0.008	0.008	0.008	0.008	0.012	0.012	0.012	0.012	0.04	0.001	1000	0.0104	0.0101	0.0149	0.0153	0.0077	0.0082	0.0082	0.0087	0.012	0.0121	0.0122	0.0123	0.0399	0.001	999.4142	2	6	2	"root"	-37885.3715	0
0.01	0.01	0.015	0.015	0.008	0.008	0.008	0.008	0.012	0.012	0.012	0.012	0.04	0.001	1000	0.0105	0.0107	0.0143	0.0159	0.0079	0.0083	0.0078	0.0078	0.0132	0.0118	0.0124	0.0105	0.04	0.001	999.5608	1	3	1	"root"	-18807.1226	0
0.01	0.01	0.015	0.015	0.008	0.008	0.008	0.008	0.012	0.012	0.012	0.012	0.04	0.001	1000	0.0106	0.0109	0.0144	0.0158	0.0079	0.0082	0.0078	0.0078	0.0125	0.0119	0.0121	0.0114	0.04	0.001	999.8478	1	4	2	"root"	-37610.4604	0
0.01	0.01	0.015	0.015	0.008	0.008	0.008	0.008	0.012	0.012	0.012	0.012	0.04	0.001	1000	0.0105	0.0107	0.0143	0.0159	0.0079	0.0083	0.0078	0.0078	0.0132	0.0118	0.0123	0.0105	0.04	0.001	999.5574	1	5	3	"root"	-56411.772	0
0.01	0.01	0.015	0.015	0.008	0.008	0.008	0.008	0.012	0.012	0.012	0.012	0.04	0.001	1000	0.0105	0.0107	0.0142	0.016	0.0079	0.0083	0.0078	0.0079	0.0131	0.0118	0.0123	0.0107	0.04	0.001	999.628	2	6	2	"root"	-37609.457	0
0.01	0.01	0.015	0.015	0.008	0.008	0.008	0.008	0.012	0.012	0.012	0.012	0.04	0.001	1000	0.0103	0.0096	0.015	0.0156	0.0081	0.0083	0.0079	0.0083	0.0107	0.0121	0.0126	0.0116	0.0403	0.001	999.6593	1	3	1	"root"	-18850.3325	0
0.01	0.01	0.015	0.015	0.008	0.008	0.008	0.008	0.012	0.012	0.012	0.012	0.04	0.001	1000	0.0103	0.0097	0.015	0.0156	0.0081	0.0084	0.0079	0.0083	0.0105	0.0121	0.0127	0.0115	0.0404	0.001	999.561	1	4	2	"root"	-37696.4929	0
0.01	0.01	0.015	0.015	0.008	0.008	0.008	0.008	0.012	0.012	0.012	0.012	0.04	0.001	1000	0.0103	0.0096	0.015	0.0155	0.0082	0.0085	0.008	0.0084	0.0114	0.0121	0.0124	0.0119	0.0402	0.001	999.867	1	5	3	"root"	-56543.9944	0
0.01	0.01	0.015	0.015	0.008	0.008	0.008	0.008	0.012	0.012	0.012	0.012	0.04	0.001	1000	0.0102	0.0097	0.015	0.0155	0.0081	0.0085	0.0079	0.0084	0.0105	0.0121	0.0127	0.0115	0.0405	0.001	999.5196	2	6	2	"root"	-37696.2406	0
0.01	0.01	0.015	0.015	0.008	0.008	0.008	0.008	0.012	0.012	0.012	0.012	0.04	0.001	1000	0.0098	0.0112	0.0163	0.0162	0.008	0.0081	0.008	0.0088	0.0121	0.0125	0.0143	0.0118	0.0392	0.001	1001.2549	1	3	1	"root"	-19351.8409	0
0.01	0.01	0.015	0.015	0.008	0.008	0.008	0.008	0.012	0.012	0.012	0.012	0.04	0.001	1000	0.0097	0.0115	0.0161	0.0161	0.008	0.0084	0.0081	0.0088	0.0121	0.0122	0.013	0.012	0.0397	0.001	1001.5484	1	4	2	"root"	-38700.6692	0
0.01	0.01	0.015	0.015	0.008	0.008	0.008	0.008	0.012	0.012	0.012	0.012	0.04	0.001	1000	0.0097	0.0114	0.0162	0.0161	0.008	0.0083	0.0081	0.0088	0.0121	0.0124	0.0136	0.012	0.0394	0.001	1001.1706	1	5	3	"root"	-58047.85	0
0.01	0.01	0.015	0.015	0.008	0.008	0.008	0.008	0.012	0.012	0.012	0.012	0.04	0.001	1000	0.0098	0.0112	0.0163	0.0162	0.0079	0.0083	0.0081	0.0088	0.0122	0.0126	0.0144	0.012	0.0391	0.001	1001.661	2	6	2	"root"	-38699.4625	0
0.01	0.01	0.015	0.015	0.008	0.008	0.008	0.008	0.012	0.012	0.012	0.012	0.04	0.001	1000	0.0107	0.0097	0.0157	0.0164	0.0081	0.0078	0.008	0.0076	0.0126	0.0115	0.0118	0.0117	0.0401	0.001	999.8303	1	3	1	"root"	-18859.6756	0
0.01	0.01	0.015	0.015	0.008	0.008	0.008	0.008	0.012	0.012	0.012	0.012	0.04	0.001	1000	0.0104	0.0098	0.0157	0.0165	0.0082	0.0079	0.0082	0.0077	0.013	0.0113	0.0117	0.0117	0.0401	0.001	999.6957	1	4	2	"root"	-37718.2044	0
0.01	0.01	0.015	0.015	0.008	0.008	0.008	0.008	0.012	0.012	0.012	0.012	0.04	0.001	1000	0.0104	0.0098	0.0157	0.0164	0.0082	0.0079	0.0081	0.0076	0.013	0.0112	0.0116	0.0116	0.0401	0.001	999.6334	1	5	3	"root"	-56576.7051	0
0.01	0.01	0.015	0.015	0.008	0.008	0.008	0.008	0.012	0.012	0.012	0.012	0.04	0.001	1000	0.0104	0.0099	0.0157	0.0165	0.0082	0.0079	0.0081	0.0077	0.0132	0.0111	0.0116	0.0115	0.0401	0.001	999.5632	2	6	2	"root"	-37717.8643	0
0.01	0.01	0.015	0.015	0.008	0.008	0.008	0.008	0.012	0.012	0.012	0.012	0.04	0.001	1000	0.0092	0.0098	0.0153	0.0152	0.0078	0.0079	0.0081	0.008	0.0141	0.0101	0.0118	0.0131	0.0396	0.001	999.5413	1	3	1	"root"	-18593.1303	0
0.01	0.01	0.015	0.015	0.008	0.008	0.008	0.008	0.012	0.012	0.012	0.012	0.04	0.001	1000	0.0092	0.0098	0.0154	0.0152	0.0078	0.008	0.008	0.008	0.014	0.0101	0.0118	0.0128	0.0397	0.001	999.6059	1	4	2	"root"	-37181.0094	0
0.01	0.01	0.015	0.015	0.008	0.008	0.008	0.008	0.012	0.012	0.012	0.012	0.04	0.001	1000	0.0092	0.0098	0.0154	0.0152	0.0078	0.0079	0.0081	0.008	0.014	0.0101	0.0118	0.0128	0.0397	0.001	999.5622	1	5	3	"root"	-55768.6342	0
0.01	0.01	0.015	0.015	0.008	0.008	0.008	0.008	0.012	0.012	0.012	0.012	0.04	0.001	1000	0.0092	0.0098	0.0154	0.0152	0.0078	0.0079	0.0081	0.008	0.014	0.0101	0.0118	0.0129	0.0397	0.001	999.554	2	6	2	"root"	-37180.7652	0
0.01	0.01	0.015	0.015	0.008	0.008	0.008	0.008	0.012	0.012	0.012	0.012	0.04	0.001	1000	0.0105	0.0093	0.0153	0.014	0.0075	0.0086	0.0074	0.0081	0.0122	0.0129	0.0124	0.0116	0.0396	0.001	999.5875	1	3	1	"root"	-18560.8711	0
0.01	0.01	0.015	0.015	0.008	0.008	0.008	0.008	0.012	0.012	0.012	0.012	0.04	0.001	1000	0.0105	0.0093	0.0153	0.0141	0.0074	0.0086	0.0074	0.0082	0.0121	0.0127	0.0123	0.0117	0.0397	0.001	999.6772	1	4	2	"root"	-37119.9313	0
0.01	0.01	0.015	0.015	0.008	0.008	0.008	0.008	0.012	0.012	0.012	0.012	0.04	0.001	1000	0.0105	0.0093	0.0153	0.0141	0.0075	0.0086	0.0074	0.0081	0.0122	0.0128	0.0123	0.0117	0.0397	0.001	999.634	1	5	3	"root"	-55678.67	0
0.01	0.01	0.015	0.015	0.008	0.008	0.008	0.008	0.012	0.012	0.012	0.012	0.04	0.001	1000	0.0105	0.0092	0.0153	0.0141	0.0075	0.0086	0.0074	0.0081	0.0121	0.0127	0.0123	0.0117	0.0397	0.001	999.7068	2	6	2	"root"	-37119.7718	0
0.01	0.01	0.015	0.015	0.008	0.008	0.008	0.008	0.012	0.012	0.012	0.012	0.04	0.001	1000	0.01	0.0102	0.0132	0.0136	0.0075	0.009	0.0091	0.0088	0.0131	0.0129	0.0116	0.0117	0.0398	0.001	999.7986	1	3	1	"root"	-19000.9006	0
0.01	0.01	0.015	0.015	0.008	0.008	0.008	0.008	0.012	0.012	0.012	0.012	0.04	0.001	1000	0.01	0.0102	0.0133	0.0137	0.0074	0.0089	0.0091	0.0087	0.0137	0.0133	0.0114	0.0115	0.0396	0.001	999.5348	1	4	2	"root"	-38001.8735	0
0.01	0.01	0.015	0.015	0.008	0.008	0.008	0.008	0.012	0.012	0.012	0.012	0.04	0.001	1000	0.01	0.0102	0.0132	0.0136	0.0075	0.0091	0.0093	0.0089	0.0131	0.0129	0.0117	0.0118	0.0398	0.001	999.8544	1	5	3	"root"	-57004.3498	0
0.01	0.01	0.015	0.015	0.008	0.008	0.008	0.008	0.012	0.012	0.012	0.012	0.04	0.001	1000	0.01	0.0102	0.0134	0.0137	0.0075	0.0089	0.0091	0.0088	0.0139	0.0135	0.0113	0.0115	0.0395	0.001	999.3928	2	6	2	"root"	-38001.6141	0
0.01	0.01	0.015	0.015	0.008	0.008	0.008	0.008	0.012	0.012	0.012	0.012	0.04	0.001	1000	0.0086	0.0089	0.0145	0.0152	0.0084	0.0081	0.0085	0.008	0.011	0.0131	0.0135	0.0116	0.0397	9e-04	999.5486	1	3	1	"root"	-18610.0591	0
0.01	0.01	0.015	0.015	0.008	0.008	0.008	0.008	0.012	0.012	0.012	0.012	0.04	0.001	1000	0.0086	0.0089	0.0147	0.0151	0.0086	0.0083	0.0086	0.0082	0.0117	0.0124	0.0125	0.0119	0.04	9e-04	999.9346	1	4	2	"root"	-37215.5452	0
0.01	0.01	0.015	0.015	0.008	0.008	0.008	0.008	0.012	0.012	0.012	0.012	0.04	0.001	1000	0.0086	0.0089	0.0145	0.0152	0.0085	0.0081	0.0085	0.0081	0.011	0.0131	0.0133	0.0116	0.0398	9e-04	999.565	1	5	3	"root"	-55818.3732	0
0.01	0.01	0.015	0.015	0.008	0.008	0.008	0.008	0.012	0.012	0.012	0.012	0.04	0.001	1000	0.0086	0.0089	0.0147	0.0151	0.0086	0.0083	0.0086	0.0082	0.0117	0.0124	0.0125	0.0119	0.04	9e-04	999.9347	2	6	2	"root"	-37215.4082	0
0.01	0.01	0.015	0.015	0.008	0.008	0.008	0.008	0.012	0.012	0.012	0.012	0.04	0.001	1000	0.009	0.0094	0.016	0.0156	0.0082	0.0083	0.0075	0.008	0.0123	0.0116	0.0122	0.013	0.0396	0.001	999.6584	1	3	1	"root"	-18708.9876	0
0.01	0.01	0.015	0.015	0.008	0.008	0.008	0.008	0.012	0.012	0.012	0.012	0.04	0.001	1000	0.0089	0.0094	0.0157	0.0154	0.0083	0.0084	0.0076	0.0081	0.0121	0.0118	0.0121	0.0124	0.0399	0.001	999.8831	1	4	2	"root"	-37413.3554	0
0.01	0.01	0.015	0.015	0.008	0.008	0.008	0.008	0.012	0.012	0.012	0.012	0.04	0.001	1000	0.0091	0.0094	0.016	0.0156	0.0082	0.0083	0.0075	0.0079	0.0124	0.0116	0.0123	0.0131	0.0396	0.001	999.5823	1	5	3	"root"	-56116.2478	0
0.01	0.01	0.015	0.015	0.008	0.008	0.008	0.008	0.012	0.012	0.012	0.012	0.04	0.001	1000	0.0091	0.0094	0.016	0.0156	0.0082	0.0083	0.0075	0.008	0.0126	0.0115	0.0125	0.0137	0.0393	0.001	999.3966	2	6	2	"root"	-37412.1626	0
0.01	0.01	0.015	0.015	0.008	0.008	0.008	0.008	0.012	0.012	0.012	0.012	0.04	0.001	1000	0.0097	0.0095	0.0138	0.0148	0.0082	0.0081	0.0082	0.0085	0.0099	0.0112	0.0135	0.0112	0.0407	0.001	999.5468	1	3	1	"root"	-18554.972	0
0.01	0.01	0.015	0.015	0.008	0.008	0.008	0.008	0.012	0.012	0.012	0.012	0.04	0.001	1000	0.0098	0.0096	0.0139	0.0148	0.0082	0.0081	0.0082	0.0085	0.0099	0.0112	0.0136	0.0111	0.0407	0.001	999.3441	1	4	2	"root"	-37108.273	0
0.01	0.01	0.015	0.015	0.008	0.008	0.008	0.008	0.012	0.012	0.012	0.012	0.04	0.001	1000	0.0097	0.0095	0.0138	0.0148	0.0082	0.0081	0.0082	0.0085	0.0099	0.0112	0.0137	0.0112	0.0407	0.001	999.4743	1	5	3	"root"	-55661.5296	0
0.01	0.01	0.015	0.015	0.008	0.008	0.008	0.008	0.012	0.012	0.012	0.012	0.04	0.001	1000	0.0097	0.0095	0.0136	0.0148	0.0082	0.008	0.008	0.0083	0.0102	0.0114	0.0134	0.0114	0.0405	0.001	999.3543	2	6	2	"root"	-37108.5951	0
0.01	0.01	0.015	0.015	0.008	0.008	0.008	0.008	0.012	0.012	0.012	0.012	0.04	0.001	1000	0.0109	0.01	0.0161	0.0154	0.0083	0.0081	0.008	0.008	0.0112	0.0119	0.0123	0.0115	0.0404	0.001	999.8347	1	3	1	"root"	-18862.1728	0
0.01	0.01	0.015	0.015	0.008	0.008	0.008	0.008	0.012	0.012	0.012	0.012	0.04	0.001	1000	0.0104	0.01	0.0161	0.0154	0.0082	0.0081	0.0081	0.008	0.0101	0.0116	0.0125	0.0107	0.0409	0.001	999.5702	1	4	2	"root"	-37723.0467	0
0.01	0.01	0.015	0.015	0.008	0.008	0.008	0.008	0.012	0.012	0.012	0.012	0.04	0.001	1000	0.0104	0.01	0.0159	0.0153	0.0084	0.0083	0.0081	0.0081	0.01	0.0115	0.0125	0.0105	0.0411	0.001	999.388	1	5	3	"root"	-56584.0297	0
0.01	0.01	0.015	0.015	0.008	0.008	0.008	0.008	0.012	0.012	0.012	0.012	0.04	0.001	1000	0.0107	0.01	0.016	0.0154	0.0084	0.0083	0.0082	0.008	0.01	0.0115	0.0124	0.0105	0.0411	0.001	999.3622	2	6	2	"root"	-37722.3954	0
0.01	0.01	0.015	0.015	0.008	0.008	0.008	0.008	0.012	0.012	0.012	0.012	0.04	0.001	1000	0.0088	0.0108	0.0163	0.0162	0.0078	0.0073	0.0073	0.0079	0.0113	0.0118	0.0122	0.0118	0.0401	0.001	999.8386	1	3	1	"root"	-18691.3998	0
0.01	0.01	0.015	0.015	0.008	0.008	0.008	0.008	0.012	0.012	0.012	0.012	0.04	0.001	1000	0.009	0.0107	0.0166	0.0165	0.0081	0.0075	0.0074	0.0081	0.0101	0.0116	0.0127	0.0113	0.0405	0.001	999.4305	1	4	2	"root"	-37373.3571	0
0.01	0.01	0.015	0.015	0.008	0.008	0.008	0.008	0.012	0.012	0.012	0.012	0.04	0.001	1000	0.009	0.0107	0.0166	0.0166	0.008	0.0075	0.0074	0.0081	0.01	0.0115	0.0127	0.0112	0.0406	0.001	999.3341	1	5	3	"root"	-56056.0798	0
0.01	0.01	0.015	0.015	0.008	0.008	0.008	0.008	0.012	0.012	0.012	0.012	0.04	0.001	1000	0.0091	0.0107	0.0166	0.0166	0.0079	0.0074	0.0075	0.0082	0.0103	0.0117	0.0126	0.0115	0.0404	0.001	999.5829	2	6	2	"root"	-37373.4483	0
0.01	0.01	0.015	0.015	0.008	0.008	0.008	0.008	0.012	0.012	0.012	0.012	0.04	0.001	1000	0.0108	0.0091	0.0158	0.0155	0.0083	0.0082	0.0081	0.008	0.0117	0.0121	0.0121	0.0121	0.04	0.001	999.8463	1	3	1	"root"	-18974.3457	0
0.01	0.01	0.015	0.015	0.008	0.008	0.008	0.008	0.012	0.012	0.012	0.012	0.04	0.001	1000	0.0107	0.0092	0.0161	0.0156	0.0082	0.0082	0.0081	0.008	0.0111	0.0122	0.0123	0.0123	0.0401	0.001	999.527	1	4	2	"root"	-37946.7856	0
0.01	0.01	0.015	0.015	0.008	0.008	0.008	0.008	0.012	0.012	0.012	0.012	0.04	0.001	1000	0.0108	0.0091	0.016	0.0156	0.0082	0.0081	0.008	0.0079	0.0114	0.0121	0.0122	0.0122	0.04	0.001	999.7701	1	5	3	"root"	-56919.5464	0
0.01	0.01	0.015	0.015	0.008	0.008	0.008	0.008	0.012	0.012	0.012	0.012	0.04	0.001	1000	0.0107	0.0092	0.0161	0.0157	0.0082	0.0082	0.008	0.008	0.0112	0.0121	0.0122	0.0123	0.0401	0.001	999.6392	2	6	2	"root"	-37946.6626	0
0.01	0.01	0.015	0.015	0.008	0.008	0.008	0.008	0.012	0.012	0.012	0.012	0.04	0.001	1000	0.0108	0.0119	0.0157	0.0165	0.0075	0.0073	0.0077	0.008	0.0114	0.0119	0.0118	0.0123	0.04	0.001	999.842	1	3	1	"root"	-18827.2765	0
0.01	0.01	0.015	0.015	0.008	0.008	0.008	0.008	0.012	0.012	0.012	0.012	0.04	0.001	1000	0.0107	0.0118	0.0157	0.0166	0.0075	0.0074	0.0077	0.008	0.0112	0.0118	0.0117	0.0125	0.04	0.001	999.714	1	4	2	"root"	-37649.978	0
0.01	0.01	0.015	0.015	0.008	0.008	0.008	0.008	0.012	0.012	0.012	0.012	0.04	0.001	1000	0.0107	0.0118	0.0157	0.0166	0.0075	0.0074	0.0077	0.008	0.0112	0.0118	0.0117	0.0125	0.04	0.001	999.6408	1	5	3	"root"	-56472.6883	0
0.01	0.01	0.015	0.015	0.008	0.008	0.008	0.008	0.012	0.012	0.012	0.012	0.04	0.001	1000	0.0107	0.0118	0.0158	0.0167	0.0075	0.0074	0.0077	0.008	0.0113	0.0118	0.0117	0.0125	0.04	0.001	999.7231	2	6	2	"root"	-37649.8673	0
0.01	0.01	0.015	0.015	0.008	0.008	0.008	0.008	0.012	0.012	0.012	0.012	0.04	0.001	1000	0.0099	0.0099	0.0137	0.0155	0.0077	0.0073	0.0074	0.0077	0.0122	0.0126	0.0114	0.0121	0.0397	0.001	999.6566	1	3	1	"root"	-18221.3491	0
0.01	0.01	0.015	0.015	0.008	0.008	0.008	0.008	0.012	0.012	0.012	0.012	0.04	0.001	1000	0.0098	0.0098	0.0137	0.0155	0.0078	0.0073	0.0074	0.0078	0.012	0.0122	0.0116	0.0119	0.0399	0.001	999.9007	1	4	2	"root"	-36434.6538	0
0.01	0.01	0.015	0.015	0.008	0.008	0.008	0.008	0.012	0.012	0.012	0.012	0.04	0.001	1000	0.0098	0.0098	0.0137	0.0155	0.0078	0.0073	0.0074	0.0078	0.012	0.0122	0.0116	0.0119	0.0399	0.001	999.2306	1	5	3	"root"	-54647.7711	0
0.01	0.01	0.015	0.015	0.008	0.008	0.008	0.008	0.012	0.012	0.012	0.012	0.04	0.001	1000	0.0098	0.0099	0.0136	0.0155	0.0078	0.0073	0.0074	0.0078	0.012	0.0123	0.0115	0.0119	0.0399	0.001	999.8483	2	6	2	"root"	-36434.4626	0
0.01	0.01	0.015	0.015	0.008	0.008	0.008	0.008	0.012	0.012	0.012	0.012	0.04	0.001	1000	0.0104	0.009	0.0144	0.0161	0.0072	0.0074	0.0081	0.0073	0.0129	0.0123	0.0126	0.0107	0.0396	0.001	999.8537	1	3	1	"root"	-18277.8919	0
0.01	0.01	0.015	0.015	0.008	0.008	0.008	0.008	0.012	0.012	0.012	0.012	0.04	0.001	1000	0.0105	0.0088	0.0144	0.016	0.0072	0.0075	0.0082	0.0074	0.0125	0.0121	0.0123	0.0112	0.0398	0.001	999.7129	1	4	2	"root"	-36553.0874	0
0.01	0.01	0.015	0.015	0.008	0.008	0.008	0.008	0.012	0.012	0.012	0.012	0.04	0.001	1000	0.0105	0.0088	0.0144	0.016	0.0072	0.0075	0.0082	0.0074	0.0124	0.0121	0.0123	0.0113	0.0398	0.001	999.7602	1	5	3	"root"	-54828.0012	0
0.01	0.01	0.015	0.015	0.008	0.008	0.008	0.008	0.012	0.012	0.012	0.012	0.04	0.001	1000	0.0104	0.009	0.0144	0.016	0.0071	0.0074	0.0081	0.0073	0.0129	0.0122	0.0126	0.0108	0.0396	0.001	999.4196	2	6	2	"root"	-36552.4512	0
0.01	0.01	0.015	0.015	0.008	0.008	0.008	0.008	0.012	0.012	0.012	0.012	0.04	0.001	1000	0.0083	0.0104	0.0165	0.0154	0.0076	0.0077	0.0082	0.0076	0.0113	0.0115	0.0116	0.0125	0.0402	0.001	999.5433	1	3	1	"root"	-18474.3168	0
0.01	0.01	0.015	0.015	0.008	0.008	0.008	0.008	0.012	0.012	0.012	0.012	0.04	0.001	1000	0.0085	0.0104	0.0165	0.0154	0.0076	0.0076	0.0082	0.0076	0.0111	0.0114	0.0115	0.0126	0.0403	0.001	998.354	1	4	2	"root"	-36946.1047	0
0.01	0.01	0.015	0.015	0.008	0.008	0.008	0.008	0.012	0.012	0.012	0.012	0.04	0.001	1000	0.0083	0.0104	0.0163	0.0154	0.0075	0.0077	0.0082	0.0075	0.0114	0.0116	0.0117	0.0124	0.0401	0.001	997.5824	1	5	3	"root"	-55418.5006	0
0.01	0.01	0.015	0.015	0.008	0.008	0.008	0.008	0.012	0.012	0.012	0.012	0.04	0.001	1000	0.0084	0.0104	0.0164	0.0154	0.0075	0.0077	0.0083	0.0076	0.0113	0.0116	0.0116	0.0125	0.0402	0.001	998.6339	2	6	2	"root"	-36946.158	0
0.01	0.01	0.015	0.015	0.008	0.008	0.008	0.008	0.012	0.012	0.012	0.012	0.04	0.001	1000	0.01	0.0106	0.0147	0.0141	0.0078	0.008	0.0072	0.0086	0.0117	0.0128	0.0137	0.0113	0.0395	0.001	999.4721	1	3	1	"root"	-18660.8411	0
0.01	0.01	0.015	0.015	0.008	0.008	0.008	0.008	0.012	0.012	0.012	0.012	0.04	0.001	1000	0.0101	0.0109	0.0148	0.0143	0.0079	0.0081	0.0073	0.0086	0.0119	0.0123	0.0126	0.0117	0.0398	0.001	999.8543	1	4	2	"root"	-37319.9758	0
0.01	0.01	0.015	0.015	0.008	0.008	0.008	0.008	0.012	0.012	0.012	0.012	0.04	0.001	1000	0.01	0.0103	0.0149	0.0148	0.0079	0.0081	0.0073	0.0087	0.012	0.0121	0.0121	0.0119	0.04	0.001	999.9677	1	5	3	"root"	-55981.1533	0
0.01	0.01	0.015	0.015	0.008	0.008	0.008	0.008	0.012	0.012	0.012	0.012	0.04	0.001	1000	0.01	0.0106	0.0147	0.0141	0.0078	0.008	0.0072	0.0086	0.0117	0.0128	0.0137	0.0113	0.0395	0.001	999.5019	2	6	2	"root"	-37318.8685	0
0.01	0.01	0.015	0.015	0.008	0.008	0.008	0.008	0.012	0.012	0.012	0.012	0.04	0.001	1000	0.01	0.0095	0.0145	0.0145	0.0082	0.0087	0.0071	0.0085	0.0104	0.0122	0.0128	0.0106	0.0406	0.001	999.593	1	3	1	"root"	-18546.6666	0
0.01	0.01	0.015	0.015	0.008	0.008	0.008	0.008	0.012	0.012	0.012	0.012	0.04	0.001	1000	0.01	0.0096	0.0146	0.0146	0.0082	0.0087	0.0071	0.0085	0.0105	0.0121	0.0129	0.0105	0.0406	0.001	999.5397	1	4	2	"root"	-37090.7347	1
0.01	0.01	0.015	0.015	0.008	0.008	0.008	0.008	0.012	0.012	0.012	0.012	0.04	0.001	1000	0.01	0.0093	0.0145	0.0145	0.0081	0.0086	0.0071	0.0085	0.0107	0.0122	0.0129	0.0107	0.0405	0.001	999.6437	1	5	3	"root"	-55635.3695	0
0.01	0.01	0.015	0.015	0.008	0.008	0.008	0.008	0.012	0.012	0.012	0.012	0.04	0.001	1000	0.01	0.0095	0.0145	0.0145	0.0082	0.0087	0.0071	0.0085	0.0104	0.0122	0.013	0.0104	0.0406	0.001	999.5879	2	6	2	"root"	-37090.6113	0
0.01	0.01	0.015	0.015	0.008	0.008	0.008	0.008	0.012	0.012	0.012	0.012	0.04	0.001	1000	0.0103	0.0099	0.0154	0.015	0.0082	0.0075	0.0077	0.0079	0.0118	0.0121	0.012	0.012	0.04	0.001	999.9288	1	3	1	"root"	-18701.2474	0
0.01	0.01	0.015	0.015	0.008	0.008	0.008	0.008	0.012	0.012	0.012	0.012	0.04	0.001	1000	0.0103	0.0099	0.0154	0.015	0.0082	0.0075	0.0077	0.0079	0.0118	0.0121	0.012	0.012	0.04	0.001	999.9283	1	4	2	"root"	-37398.2361	0
0.01	0.01	0.015	0.015	0.008	0.008	0.008	0.008	0.012	0.012	0.012	0.012	0.04	0.001	1000	0.0103	0.0099	0.0154	0.015	0.0082	0.0074	0.0077	0.0079	0.0118	0.0121	0.012	0.012	0.04	0.001	999.9281	1	5	3	"root"	-56095.1545	0
0.01	0.01	0.015	0.015	0.008	0.008	0.008	0.008	0.012	0.012	0.012	0.012	0.04	0.001	1000	0.0103	0.0099	0.0154	0.015	0.0082	0.0075	0.0077	0.0079	0.0118	0.0121	0.012	0.012	0.04	0.001	999.9283	2	6	2	"root"	-37398.1229	0
0.01	0.01	0.015	0.015	0.008	0.008	0.008	0.008	0.012	0.012	0.012	0.012	0.04	0.001	1000	0.0089	0.011	0.0147	0.0153	0.0082	0.0073	0.0081	0.0079	0.0113	0.0123	0.0123	0.012	0.0399	0.001	996.5354	1	3	1	"root"	-18547.5574	0
0.01	0.01	0.015	0.015	0.008	0.008	0.008	0.008	0.012	0.012	0.012	0.012	0.04	0.001	1000	0.0089	0.0109	0.0148	0.0152	0.0081	0.0072	0.0079	0.0077	0.0116	0.0121	0.0121	0.0119	0.04	0.001	996.9266	1	4	2	"root"	-37091.7462	0
0.01	0.01	0.015	0.015	0.008	0.008	0.008	0.008	0.012	0.012	0.012	0.012	0.04	0.001	1000	0.0089	0.011	0.0147	0.0153	0.0082	0.0073	0.008	0.0077	0.011	0.0125	0.0125	0.0119	0.0399	0.001	995.7506	1	5	3	"root"	-55630.8802	0
0.01	0.01	0.015	0.015	0.008	0.008	0.008	0.008	0.012	0.012	0.012	0.012	0.04	0.001	1000	0.0089	0.011	0.0147	0.0153	0.0082	0.0073	0.008	0.0077	0.011	0.0125	0.0125	0.0119	0.0399	0.001	995.9483	2	6	2	"root"	-37087.0625	0
0.01	0.01	0.015	0.015	0.008	0.008	0.008	0.008	0.012	0.012	0.012	0.012	0.04	0.001	1000	0.0099	0.0095	0.0143	0.0159	0.0092	0.008	0.0078	0.0082	0.0114	0.012	0.012	0.0128	0.04	0.001	999.5931	1	3	1	"root"	-18910.5241	0
0.01	0.01	0.015	0.015	0.008	0.008	0.008	0.008	0.012	0.012	0.012	0.012	0.04	0.001	1000	0.0099	0.0095	0.0145	0.0157	0.0093	0.0082	0.0079	0.0083	0.0117	0.0121	0.012	0.0125	0.0401	0.001	999.7851	1	4	2	"root"	-37815.6916	0
0.01	0.01	0.015	0.015	0.008	0.008	0.008	0.008	0.012	0.012	0.012	0.012	0.04	0.001	1000	0.0099	0.0095	0.0143	0.0159	0.0092	0.008	0.0078	0.0082	0.0114	0.012	0.0119	0.0128	0.0401	0.001	999.5981	1	5	3	"root"	-56719.7781	0
0.01	0.01	0.015	0.015	0.008	0.008	0.008	0.008	0.012	0.012	0.012	0.012	0.04	0.001	1000	0.0099	0.0095	0.0145	0.0157	0.0094	0.0082	0.0079	0.0083	0.0117	0.0121	0.012	0.0125	0.0401	0.001	999.7753	2	6	2	"root"	-37815.5008	0
0.01	0.01	0.015	0.015	0.008	0.008	0.008	0.008	0.012	0.012	0.012	0.012	0.04	0.001	1000	0.009	0.0092	0.014	0.0165	0.0082	0.0079	0.0077	0.0083	0.0121	0.0131	0.0116	0.0122	0.0397	0.001	999.708	1	3	1	"root"	-18695.6084	0
0.01	0.01	0.015	0.015	0.008	0.008	0.008	0.008	0.012	0.012	0.012	0.012	0.04	0.001	1000	0.009	0.0093	0.014	0.0165	0.0082	0.008	0.0078	0.0083	0.0123	0.0137	0.0115	0.0122	0.0395	0.001	999.4551	1	4	2	"root"	-37385.7935	0
0.01	0.01	0.015	0.015	0.008	0.008	0.008	0.008	0.012	0.012	0.012	0.012	0.04	0.001	1000	0.0091	0.0093	0.014	0.0165	0.0082	0.0079	0.0078	0.0083	0.0122	0.0136	0.0115	0.0121	0.0395	0.001	999.5085	1	5	3	"root"	-56076.243	0
0.01	0.01	0.015	0.015	0.008	0.008	0.008	0.008	0.012	0.012	0.012	0.012	0.04	0.001	1000	0.0091	0.0093	0.014	0.0165	0.0082	0.0079	0.0078	0.0083	0.0121	0.0132	0.0116	0.0121	0.0397	0.001	999.7005	2	6	2	"root"	-37386.0244	0
0.01	0.01	0.015	0.015	0.008	0.008	0.008	0.008	0.012	0.012	0.012	0.012	0.04	0.001	1000	0.01	0.0097	0.0164	0.0156	0.0077	0.0083	0.0096	0.008	0.0119	0.0105	0.0137	0.0097	0.0408	9e-04	998.9944	1	3	1	"root"	-18947.7846	0
0.01	0.01	0.015	0.015	0.008	0.008	0.008	0.008	0.012	0.012	0.012	0.012	0.04	0.001	1000	0.01	0.0098	0.0163	0.0156	0.0076	0.0082	0.0095	0.008	0.0119	0.0106	0.0136	0.0099	0.0407	9e-04	999.558	1	4	2	"root"	-37891.4694	0
0.01	0.01	0.015	0.015	0.008	0.008	0.008	0.008	0.012	0.012	0.012	0.012	0.04	0.001	1000	0.0099	0.0097	0.0165	0.0157	0.0075	0.0082	0.0096	0.0079	0.0119	0.0106	0.0135	0.01	0.0406	9e-04	999.6858	1	5	3	"root"	-56835.4238	0
0.01	0.01	0.015	0.015	0.008	0.008	0.008	0.008	0.012	0.012	0.012	0.012	0.04	0.001	1000	0.0099	0.0094	0.0165	0.0157	0.0077	0.0083	0.0096	0.0081	0.0121	0.0114	0.0129	0.0112	0.0403	9e-04	999.9179	2	6	2	"root"	-37893.8989	0
0.01	0.01	0.015	0.015	0.008	0.008	0.008	0.008	0.012	0.012	0.012	0.012	0.04	0.001	1000	0.0102	0.0102	0.0152	0.015	0.0081	0.0085	0.0075	0.0076	0.0118	0.0118	0.0121	0.012	0.0401	0.001	999.9538	1	3	1	"root"	-18762.6109	0
0.01	0.01	0.015	0.015	0.008	0.008	0.008	0.008	0.012	0.012	0.012	0.012	0.04	0.001	1000	0.0107	0.0105	0.016	0.0152	0.008	0.0083	0.0075	0.0076	0.0112	0.0113	0.0123	0.0118	0.0404	0.001	999.8121	1	4	2	"root"	-37515.7713	0
0.01	0.01	0.015	0.015	0.008	0.008	0.008	0.008	0.012	0.012	0.012	0.012	0.04	0.001	1000	0.0102	0.0102	0.0152	0.015	0.0081	0.0085	0.0075	0.0076	0.0118	0.0118	0.0121	0.0119	0.0401	0.001	999.9534	1	5	3	"root"	-56273.8554	0
0.01	0.01	0.015	0.015	0.008	0.008	0.008	0.008	0.012	0.012	0.012	0.012	0.04	0.001	1000	0.0107	0.0105	0.016	0.0152	0.008	0.0083	0.0075	0.0076	0.0112	0.0113	0.0123	0.0118	0.0404	0.001	999.8122	2	6	2	"root"	-37515.6308	0
0.01	0.01	0.015	0.015	0.008	0.008	0.008	0.008	0.012	0.012	0.012	0.012	0.04	0.001	1000	0.0092	0.0105	0.0157	0.0153	0.0078	0.008	0.0082	0.008	0.0138	0.0105	0.0131	0.0102	0.0401	0.001	1000.7998	1	3	1	"root"	-18695.2749	0
0.01	0.01	0.015	0.015	0.008	0.008	0.008	0.008	0.012	0.012	0.012	0.012	0.04	0.001	1000	0.0094	0.0104	0.0156	0.0152	0.0078	0.0077	0.0082	0.0079	0.0139	0.0104	0.0133	0.01	0.04	0.001	999.4706	1	4	2	"root"	-37388.8334	0
0.01	0.01	0.015	0.015	0.008	0.008	0.008	0.008	0.012	0.012	0.012	0.012	0.04	0.001	1000	0.0093	0.0104	0.0156	0.0153	0.0078	0.0078	0.0082	0.008	0.0139	0.0104	0.0133	0.0101	0.04	0.001	999.4977	1	5	3	"root"	-56082.2181	0
0.01	0.01	0.015	0.015	0.008	0.008	0.008	0.008	0.012	0.012	0.012	0.012	0.04	0.001	1000	0.0093	0.0104	0.0156	0.0152	0.0078	0.0078	0.0081	0.0079	0.0139	0.0103	0.0133	0.01	0.04	0.001	999.4183	2	6	2	"root"	-37388.5199	0
0.01	0.01	0.015	0.015	0.008	0.008	0.008	0.008	0.012	0.012	0.012	0.012	0.04	0.001	1000	0.0104	0.0105	0.0143	0.0138	0.0074	0.0075	0.0069	0.0079	0.0117	0.0121	0.0113	0.0117	0.0401	0.0011	999.0495	1	3	1	"root"	-18112.2188	0
0.01	0.01	0.015	0.015	0.008	0.008	0.008	0.008	0.012	0.012	0.012	0.012	0.04	0.001	1000	0.0104	0.0105	0.0143	0.0139	0.0075	0.0075	0.0069	0.0079	0.0117	0.0121	0.0113	0.0118	0.0401	0.0011	999.076	1	4	2	"root"	-36221.2411	0
0.01	0.01	0.015	0.015	0.008	0.008	0.008	0.008	0.012	0.012	0.012	0.012	0.04	0.001	1000	0.0104	0.0105	0.0142	0.0137	0.0075	0.0075	0.007	0.0079	0.0116	0.0122	0.0109	0.0117	0.0402	0.001	999.0722	1	5	3	"root"	-54330.0366	0
0.01	0.01	0.015	0.015	0.008	0.008	0.008	0.008	0.012	0.012	0.012	0.012	0.04	0.001	1000	0.0104	0.0106	0.0143	0.0139	0.0074	0.0075	0.0069	0.0078	0.0117	0.012	0.0114	0.0118	0.04	0.0011	999.2072	2	6	2	"root"	-36221.2902	0
0.01	0.01	0.015	0.015	0.008	0.008	0.008	0.008	0.012	0.012	0.012	0.012	0.04	0.001	1000	0.0095	0.0105	0.0161	0.0146	0.0083	0.0082	0.0077	0.0079	0.0125	0.011	0.012	0.0097	0.0408	0.001	999.3644	1	3	1	"root"	-18658.1719	0
0.01	0.01	0.015	0.015	0.008	0.008	0.008	0.008	0.012	0.012	0.012	0.012	0.04	0.001	1000	0.0093	0.0108	0.0164	0.0144	0.0083	0.0081	0.0077	0.0078	0.0124	0.0115	0.012	0.0108	0.0403	0.001	999.7237	1	4	2	"root"	-37313.6597	0
0.01	0.01	0.015	0.015	0.008	0.008	0.008	0.008	0.012	0.012	0.012	0.012	0.04	0.001	1000	0.0095	0.0106	0.0163	0.0144	0.0084	0.0082	0.0077	0.0079	0.0125	0.0114	0.012	0.0106	0.0405	0.001	999.6683	1	5	3	"root"	-55963.8201	0
0.01	0.01	0.015	0.015	0.008	0.008	0.008	0.008	0.012	0.012	0.012	0.012	0.04	0.001	1000	0.0095	0.0106	0.0163	0.0144	0.0083	0.0082	0.0077	0.0079	0.0124	0.0114	0.0121	0.0107	0.0404	0.001	999.6881	2	6	2	"root"	-37309.0782	0
0.01	0.01	0.015	0.015	0.008	0.008	0.008	0.008	0.012	0.012	0.012	0.012	0.04	0.001	1000	0.011	0.0111	0.0151	0.0151	0.0077	0.0077	0.0085	0.0077	0.0127	0.0119	0.0128	0.0108	0.0399	0.001	999.7804	1	3	1	"root"	-18763.642	0
0.01	0.01	0.015	0.015	0.008	0.008	0.008	0.008	0.012	0.012	0.012	0.012	0.04	0.001	1000	0.0107	0.0107	0.0151	0.0151	0.0078	0.0078	0.0084	0.0077	0.0132	0.0119	0.0134	0.0099	0.0398	0.001	999.5719	1	4	2	"root"	-37522.0168	0
0.01	0.01	0.015	0.015	0.008	0.008	0.008	0.008	0.012	0.012	0.012	0.012	0.04	0.001	1000	0.0106	0.0107	0.0151	0.0151	0.0077	0.0078	0.0084	0.0078	0.0133	0.0119	0.0135	0.0098	0.0398	0.001	999.4987	1	5	3	"root"	-56280.7281	0
0.01	0.01	0.015	0.015	0.008	0.008	0.008	0.008	0.012	0.012	0.012	0.012	0.04	0.001	1000	0.0106	0.0107	0.0151	0.0151	0.0077	0.0078	0.0084	0.0078	0.0133	0.0119	0.0135	0.0098	0.0398	0.001	999.5137	2	6	2	"root"	-37521.6572	0
0.01	0.01	0.015	0.015	0.008	0.008	0.008	0.008	0.012	0.012	0.012	0.012	0.04	0.001	1000	0.0097	0.0095	0.0162	0.0156	0.0086	0.0079	0.0079	0.0076	0.0117	0.0117	0.012	0.0124	0.04	0.001	999.6372	1	3	1	"root"	-18812.0247	0
0.01	0.01	0.015	0.015	0.008	0.008	0.008	0.008	0.012	0.012	0.012	0.012	0.04	0.001	1000	0.0097	0.0094	0.0161	0.0156	0.0086	0.0079	0.0078	0.0077	0.0118	0.0118	0.0121	0.0123	0.04	0.001	999.7936	1	4	2	"root"	-37623.8133	0
0.01	0.01	0.015	0.015	0.008	0.008	0.008	0.008	0.012	0.012	0.012	0.012	0.04	0.001	1000	0.0097	0.0095	0.0162	0.0156	0.0086	0.0078	0.0079	0.0076	0.0117	0.0117	0.0121	0.0125	0.04	0.001	999.7227	1	5	3	"root"	-56435.2262	0
0.01	0.01	0.015	0.015	0.008	0.008	0.008	0.008	0.012	0.012	0.012	0.012	0.04	0.001	1000	0.0098	0.0096	0.0162	0.0157	0.0086	0.0079	0.0079	0.0076	0.0116	0.0116	0.0121	0.0127	0.04	0.001	999.5365	2	6	2	"root"	-37623.4074	0
0.01	0.01	0.015	0.015	0.008	0.008	0.008	0.008	0.012	0.012	0.012	0.012	0.04	0.001	1000	0.0095	0.0099	0.0151	0.0149	0.0076	0.0084	0.0072	0.0078	0.0103	0.0138	0.0134	0.0103	0.0399	0.001	999.0976	1	3	1	"root"	-18445.6249	0
0.01	0.01	0.015	0.015	0.008	0.008	0.008	0.008	0.012	0.012	0.012	0.012	0.04	0.001	1000	0.0096	0.0099	0.0151	0.0149	0.0076	0.0084	0.0072	0.0078	0.0103	0.0138	0.0136	0.0103	0.0398	0.001	998.5452	1	4	2	"root"	-36888.9946	0
0.01	0.01	0.015	0.015	0.008	0.008	0.008	0.008	0.012	0.012	0.012	0.012	0.04	0.001	1000	0.0095	0.0099	0.0151	0.0149	0.0076	0.0084	0.0073	0.0078	0.0103	0.0138	0.0135	0.0104	0.0399	0.001	998.7896	1	5	3	"root"	-55332.463	0
0.01	0.01	0.015	0.015	0.008	0.008	0.008	0.008	0.012	0.012	0.012	0.012	0.04	0.001	1000	0.0094	0.0099	0.0151	0.0149	0.0076	0.0084	0.0072	0.0079	0.0102	0.0138	0.0135	0.0103	0.0399	0.001	998.6348	2	6	2	"root"	-36888.9697	0
0.01	0.01	0.015	0.015	0.008	0.008	0.008	0.008	0.012	0.012	0.012	0.012	0.04	0.001	1000	0.0106	0.0098	0.0154	0.0143	0.0078	0.008	0.0077	0.0085	0.0113	0.0124	0.0125	0.0116	0.0401	0.001	998.0069	1	3	1	"root"	-18743.3445	0
0.01	0.01	0.015	0.015	0.008	0.008	0.008	0.008	0.012	0.012	0.012	0.012	0.04	0.001	1000	0.0107	0.0097	0.0153	0.0144	0.0078	0.008	0.0079	0.0086	0.0116	0.0122	0.0123	0.0119	0.04	0.001	998.388	1	4	2	"root"	-37487.2362	0
0.01	0.01	0.015	0.015	0.008	0.008	0.008	0.008	0.012	0.012	0.012	0.012	0.04	0.001	1000	0.0107	0.0097	0.0153	0.0144	0.0078	0.008	0.0079	0.0086	0.0116	0.0122	0.0123	0.0119	0.04	0.001	998.3427	1	5	3	"root"	-56230.9312	0
0.01	0.01	0.015	0.015	0.008	0.008	0.008	0.008	0.012	0.012	0.012	0.012	0.04	0.001	1000	0.0107	0.0097	0.0153	0.0144	0.0078	0.008	0.0079	0.0086	0.0116	0.0122	0.0123	0.0119	0.04	0.001	998.3056	2	6	2	"root"	-37487.1494	0
0.01	0.01	0.015	0.015	0.008	0.008	0.008	0.008	0.012	0.012	0.012	0.012	0.04	0.001	1000	0.0105	0.0098	0.0144	0.015	0.0081	0.0085	0.0078	0.0087	0.0109	0.0111	0.0116	0.0118	0.0409	0.001	1000.1829	1	3	1	"root"	-18834.7697	0
0.01	0.01	0.015	0.015	0.008	0.008	0.008	0.008	0.012	0.012	0.012	0.012	0.04	0.001	1000	0.0102	0.0099	0.0147	0.015	0.0083	0.0088	0.008	0.0089	0.0102	0.0105	0.0111	0.0114	0.0416	9e-04	999.8568	1	4	2	"root"	-37668.0123	0
0.01	0.01	0.015	0.015	0.008	0.008	0.008	0.008	0.012	0.012	0.012	0.012	0.04	0.001	1000	0.0102	0.0099	0.0147	0.015	0.0084	0.0087	0.008	0.0089	0.0101	0.0104	0.0111	0.0113	0.0417	9e-04	999.8169	1	5	3	"root"	-56501.7076	0
0.01	0.01	0.015	0.015	0.008	0.008	0.008	0.008	0.012	0.012	0.012	0.012	0.04	0.001	1000	0.0103	0.0099	0.0146	0.015	0.0081	0.0085	0.0078	0.0087	0.0108	0.011	0.0116	0.0117	0.041	0.001	1000.0629	2	6	2	"root"	-37668.4172	0
0.01	0.01	0.015	0.015	0.008	0.008	0.008	0.008	0.012	0.012	0.012	0.012	0.04	0.001	1000	0.0095	0.011	0.0156	0.016	0.0078	0.0081	0.0087	0.0081	0.0123	0.012	0.0119	0.0119	0.0401	0.001	999.8689	1	3	1	"root"	-19076.0992	0
0.01	0.01	0.015	0.015	0.008	0.008	0.008	0.008	0.012	0.012	0.012	0.012	0.04	0.001	1000	0.0095	0.0109	0.0157	0.0162	0.0077	0.0081	0.0086	0.008	0.0123	0.0119	0.0119	0.0118	0.04	0.001	999.6592	1	4	2	"root"	-38151.824	0
0.01	0.01	0.015	0.015	0.008	0.008	0.008	0.008	0.012	0.012	0.012	0.012	0.04	0.001	1000	0.0096	0.0109	0.0157	0.0162	0.0077	0.0081	0.0086	0.008	0.0123	0.0119	0.0119	0.0118	0.04	0.001	999.5116	1	5	3	"root"	-57227.5879	0
0.01	0.01	0.015	0.015	0.008	0.008	0.008	0.008	0.012	0.012	0.012	0.012	0.04	0.001	1000	0.0096	0.0109	0.0157	0.0162	0.0077	0.0081	0.0086	0.008	0.0123	0.0119	0.0119	0.0118	0.04	0.001	999.6604	2	6	2	"root"	-38151.6946	0
0.01	0.01	0.015	0.015	0.008	0.008	0.008	0.008	0.012	0.012	0.012	0.012	0.04	0.001	1000	0.01	0.0089	0.0142	0.0151	0.0086	0.0082	0.0084	0.0083	0.0107	0.0136	0.0118	0.012	0.0401	0.001	999.6609	1	3	1	"root"	-18843.1314	0
0.01	0.01	0.015	0.015	0.008	0.008	0.008	0.008	0.012	0.012	0.012	0.012	0.04	0.001	1000	0.01	0.0088	0.0142	0.0151	0.0086	0.0081	0.0085	0.0083	0.0109	0.0134	0.0118	0.012	0.0401	0.001	999.7247	1	4	2	"root"	-37682.844	0
0.01	0.01	0.015	0.015	0.008	0.008	0.008	0.008	0.012	0.012	0.012	0.012	0.04	0.001	1000	0.01	0.009	0.0143	0.0151	0.0087	0.0082	0.0085	0.0083	0.0105	0.0138	0.0117	0.0119	0.0402	0.001	999.5421	1	5	3	"root"	-56521.6793	0
0.01	0.01	0.015	0.015	0.008	0.008	0.008	0.008	0.012	0.012	0.012	0.012	0.04	0.001	1000	0.01	0.009	0.0142	0.0151	0.0088	0.0082	0.0085	0.0084	0.0106	0.0138	0.0117	0.0119	0.0401	0.001	999.5877	2	6	2	"root"	-37682.2875	0
0.01	0.01	0.015	0.015	0.008	0.008	0.008	0.008	0.012	0.012	0.012	0.012	0.04	0.001	1000	0.0101	0.0089	0.015	0.015	0.0075	0.0073	0.007	0.0073	0.0124	0.0177	0.0173	0.0146	0.0352	0.0011	997.6753	1	3	1	"root"	-18395.6006	1
0.01	0.01	0.015	0.015	0.008	0.008	0.008	0.008	0.012	0.012	0.012	0.012	0.04	0.001	1000	0.0101	0.0091	0.0146	0.0146	0.0077	0.0075	0.0069	0.0075	0.011	0.016	0.0153	0.0128	0.0375	0.0011	1001.1741	1	4	2	"root"	-36791.7019	0
0.01	0.01	0.015	0.015	0.008	0.008	0.008	0.008	0.012	0.012	0.012	0.012	0.04	0.001	1000	0.0101	0.0091	0.0146	0.0146	0.0077	0.0076	0.0071	0.0075	0.0109	0.016	0.0154	0.0127	0.0375	0.0011	1002.2149	1	5	3	"root"	-55182.1551	1
0.01	0.01	0.015	0.015	0.008	0.008	0.008	0.008	0.012	0.012	0.012	0.012	0.04	0.001	1000	0.0101	0.0091	0.015	0.015	0.0076	0.0075	0.007	0.0074	0.0119	0.0162	0.0159	0.0135	0.0366	0.0011	999.7251	2	6	2	"root"	-36785.3751	1
0.01	0.01	0.015	0.015	0.008	0.008	0.008	0.008	0.012	0.012	0.012	0.012	0.04	0.001	1000	0.0116	0.0085	0.014	0.0163	0.0078	0.008	0.0086	0.008	0.0121	0.0126	0.0114	0.012	0.04	0.001	999.6219	1	3	1	"root"	-18831.1641	0
0.01	0.01	0.015	0.015	0.008	0.008	0.008	0.008	0.012	0.012	0.012	0.012	0.04	0.001	1000	0.0114	0.0087	0.0138	0.0167	0.0077	0.008	0.0085	0.008	0.0122	0.0136	0.0103	0.0119	0.04	0.001	999.3412	1	4	2	"root"	-37659.8353	0
